,ID,Type,PieceMark,Section,Material,StartX,StartY,StartZ,EndX,EndY,EndZ,MemberClass
96,100005,beam,M5,L40x4,A36,-0.55,-0.55,48.0,0.55,0.55,48.0,horizontal
97,100006,beam,M6,L40x4,A36,0.55,-0.55,48.0,-0.55,0.55,48.0,horizontal
98,100007,beam,M7,L40x4,A36,-0.55,-0.55,48.0,0.55,-0.55,48.0,horizontal
99,100008,beam,M8,L40x4,A36,0.55,-0.55,48.0,0.55,0.55,48.0,horizontal
100,100009,beam,M9,L40x4,A36,0.55,0.55,48.0,-0.55,0.55,48.0,horizontal
101,100010,beam,M10,L40x4,A36,-0.55,0.55,48.0,-0.55,-0.55,48.0,horizontal
102,100023,beam,M23,L40x4,A36,-0.55,-0.55,45.85,0.55,-0.55,45.85,horizontal
103,100024,beam,M24,L40x4,A36,0.55,-0.55,45.85,0.55,0.55,45.85,horizontal
104,100025,beam,M25,L40x4,A36,0.55,0.55,45.85,-0.55,0.55,45.85,horizontal
105,100026,beam,M26,L40x4,A36,-0.55,0.55,45.85,-0.55,-0.55,45.85,horizontal
106,100039,beam,M39,L40x4,A36,-0.55,-0.55,43.7,0.55,-0.55,43.7,horizontal
107,100040,beam,M40,L40x4,A36,0.55,-0.55,43.7,0.55,0.55,43.7,horizontal
108,100041,beam,M41,L40x4,A36,0.55,0.55,43.7,-0.55,0.55,43.7,horizontal
109,100042,beam,M42,L40x4,A36,-0.55,0.55,43.7,-0.55,-0.55,43.7,horizontal
110,100055,beam,M55,L40x4,A36,-0.55,-0.55,41.55,0.55,-0.55,41.55,horizontal
111,100056,beam,M56,L40x4,A36,0.55,-0.55,41.55,0.55,0.55,41.55,horizontal
112,100057,beam,M57,L40x4,A36,0.55,0.55,41.55,-0.55,0.55,41.55,horizontal
113,100058,beam,M58,L40x4,A36,-0.55,0.55,41.55,-0.55,-0.55,41.55,horizontal
114,100071,beam,M71,L40x4,A36,-0.55,-0.55,39.5,0.55,-0.55,39.5,horizontal
115,100072,beam,M72,L40x4,A36,0.55,-0.55,39.5,0.55,0.55,39.5,horizontal
116,100073,beam,M73,L40x4,A36,0.55,0.55,39.5,-0.55,0.55,39.5,horizontal
117,100074,beam,M74,L40x4,A36,-0.55,0.55,39.5,-0.55,-0.55,39.5,horizontal
118,100087,beam,M87,L40x4,A36,-0.55,-0.55,37.5,0.55,-0.55,37.5,horizontal
119,100088,beam,M88,L40x4,A36,0.55,-0.55,37.5,0.55,0.55,37.5,horizontal
120,100089,beam,M89,L40x4,A36,0.55,0.55,37.5,-0.55,0.55,37.5,horizontal
121,100090,beam,M90,L40x4,A36,-0.55,0.55,37.5,-0.55,-0.55,37.5,horizontal
122,100103,beam,M103,L40x4,A36,-0.55,-0.55,36.0,0.55,0.55,36.0,horizontal
123,100104,beam,M104,L40x4,A36,0.55,-0.55,36.0,-0.55,0.55,36.0,horizontal
124,100105,beam,M105,L40x4,A36,-0.55,-0.55,36.0,0.55,-0.55,36.0,horizontal
125,100106,beam,M106,L40x4,A36,0.55,-0.55,36.0,0.55,0.55,36.0,horizontal
126,100107,beam,M107,L40x4,A36,0.55,0.55,36.0,-0.55,0.55,36.0,horizontal
127,100108,beam,M108,L40x4,A36,-0.55,0.55,36.0,-0.55,-0.55,36.0,horizontal
128,100121,beam,M121,L40x4,A36,-0.590625,-0.590625,33.75,0.590625,-0.590625,33.75,horizontal
129,100122,beam,M122,L40x4,A36,0.590625,-0.590625,33.75,0.590625,0.590625,33.75,horizontal
130,100123,beam,M123,L40x4,A36,0.590625,0.590625,33.75,-0.590625,0.590625,33.75,horizontal
131,100124,beam,M124,L40x4,A36,-0.590625,0.590625,33.75,-0.590625,-0.590625,33.75,horizontal
132,100137,beam,M137,L40x4,A36,-0.627639,-0.627639,31.7,0.627639,-0.627639,31.7,horizontal
133,100138,beam,M138,L40x4,A36,0.627639,-0.627639,31.7,0.627639,0.627639,31.7,horizontal
134,100139,beam,M139,L40x4,A36,0.627639,0.627639,31.7,-0.627639,0.627639,31.7,horizontal
135,100140,beam,M140,L40x4,A36,-0.627639,0.627639,31.7,-0.627639,-0.627639,31.7,horizontal
136,100153,beam,M153,L40x4,A36,-0.658333,-0.658333,30.0,0.658333,-0.658333,30.0,horizontal
137,100154,beam,M154,L40x4,A36,0.658333,-0.658333,30.0,0.658333,0.658333,30.0,horizontal
138,100155,beam,M155,L40x4,A36,0.658333,0.658333,30.0,-0.658333,0.658333,30.0,horizontal
139,100156,beam,M156,L40x4,A36,-0.658333,0.658333,30.0,-0.658333,-0.658333,30.0,horizontal
140,100169,beam,M169,L40x4,A36,-0.692639,-0.692639,28.1,0.692639,-0.692639,28.1,horizontal
141,100170,beam,M170,L40x4,A36,0.692639,-0.692639,28.1,0.692639,0.692639,28.1,horizontal
142,100171,beam,M171,L40x4,A36,0.692639,0.692639,28.1,-0.692639,0.692639,28.1,horizontal
143,100172,beam,M172,L40x4,A36,-0.692639,0.692639,28.1,-0.692639,-0.692639,28.1,horizontal
144,100185,beam,M185,L40x4,A36,-0.725139,-0.725139,26.3,0.725139,-0.725139,26.3,horizontal
145,100186,beam,M186,L40x4,A36,0.725139,-0.725139,26.3,0.725139,0.725139,26.3,horizontal
146,100187,beam,M187,L40x4,A36,0.725139,0.725139,26.3,-0.725139,0.725139,26.3,horizontal
147,100188,beam,M188,L40x4,A36,-0.725139,0.725139,26.3,-0.725139,-0.725139,26.3,horizontal
148,100205,beam,M205,L40x4,A36,-0.766667,-0.766667,24.0,0.766667,-0.766667,24.0,horizontal
149,100206,beam,M206,L40x4,A36,0.766667,-0.766667,24.0,0.766667,0.766667,24.0,horizontal
150,100207,beam,M207,L40x4,A36,0.766667,0.766667,24.0,-0.766667,0.766667,24.0,horizontal
151,100208,beam,M208,L40x4,A36,-0.766667,0.766667,24.0,-0.766667,-0.766667,24.0,horizontal
152,100221,beam,M221,L40x4,A36,-0.806389,-0.806389,21.8,0.806389,0.806389,21.8,horizontal
153,100222,beam,M222,L40x4,A36,0.806389,-0.806389,21.8,-0.806389,0.806389,21.8,horizontal
154,100223,beam,M223,L40x4,A36,-0.806389,-0.806389,21.8,0.806389,-0.806389,21.8,horizontal
155,100224,beam,M224,L40x4,A36,0.806389,-0.806389,21.8,0.806389,0.806389,21.8,horizontal
156,100225,beam,M225,L40x4,A36,0.806389,0.806389,21.8,-0.806389,0.806389,21.8,horizontal
157,100226,beam,M226,L40x4,A36,-0.806389,0.806389,21.8,-0.806389,-0.806389,21.8,horizontal
158,100239,beam,M239,L45x4,A36,-0.840694,-0.840694,19.9,0.840694,-0.840694,19.9,horizontal
159,100240,beam,M240,L45x4,A36,0.840694,-0.840694,19.9,0.840694,0.840694,19.9,horizontal
160,100241,beam,M241,L45x4,A36,0.840694,0.840694,19.9,-0.840694,0.840694,19.9,horizontal
161,100242,beam,M242,L45x4,A36,-0.840694,0.840694,19.9,-0.840694,-0.840694,19.9,horizontal
162,100259,beam,M259,L45x4,A36,-0.875,-0.875,18.0,0.875,-0.875,18.0,horizontal
163,100260,beam,M260,L45x4,A36,0.875,-0.875,18.0,0.875,0.875,18.0,horizontal
164,100261,beam,M261,L45x4,A36,0.875,0.875,18.0,-0.875,0.875,18.0,horizontal
165,100262,beam,M262,L45x4,A36,-0.875,0.875,18.0,-0.875,-0.875,18.0,horizontal
166,100275,beam,M275,L45x4,A36,-0.914722,-0.914722,15.8,0.914722,-0.914722,15.8,horizontal
167,100276,beam,M276,L45x4,A36,0.914722,-0.914722,15.8,0.914722,0.914722,15.8,horizontal
168,100277,beam,M277,L45x4,A36,0.914722,0.914722,15.8,-0.914722,0.914722,15.8,horizontal
169,100278,beam,M278,L45x4,A36,-0.914722,0.914722,15.8,-0.914722,-0.914722,15.8,horizontal
170,100291,beam,M291,L45x4,A36,-0.951736,-0.951736,13.75,0.951736,-0.951736,13.75,horizontal
171,100292,beam,M292,L45x4,A36,0.951736,-0.951736,13.75,0.951736,0.951736,13.75,horizontal
172,100293,beam,M293,L45x4,A36,0.951736,0.951736,13.75,-0.951736,0.951736,13.75,horizontal
173,100294,beam,M294,L45x4,A36,-0.951736,0.951736,13.75,-0.951736,-0.951736,13.75,horizontal
174,100307,beam,M307,L45x4,A36,-0.983333,-0.983333,12.0,0.983333,-0.983333,12.0,horizontal
175,100308,beam,M308,L45x4,A36,0.983333,-0.983333,12.0,0.983333,0.983333,12.0,horizontal
176,100309,beam,M309,L45x4,A36,0.983333,0.983333,12.0,-0.983333,0.983333,12.0,horizontal
177,100310,beam,M310,L45x4,A36,-0.983333,0.983333,12.0,-0.983333,-0.983333,12.0,horizontal
178,100311,beam,M311,L40x4,A36,-1.00274,-1.00274,10.925,1.00274,-1.00274,10.925,horizontal
179,100314,beam,M314,L40x4,A36,1.00274,-1.00274,10.925,1.00274,1.00274,10.925,horizontal
180,100317,beam,M317,L40x4,A36,1.00274,1.00274,10.925,-1.00274,1.00274,10.925,horizontal
181,100320,beam,M320,L40x4,A36,-1.00274,1.00274,10.925,-1.00274,-1.00274,10.925,horizontal
182,100335,beam,M335,L40x4,A36,-1.04021,-1.04021,8.85,1.04021,-1.04021,8.85,horizontal
183,100338,beam,M338,L40x4,A36,1.04021,-1.04021,8.85,1.04021,1.04021,8.85,horizontal
184,100341,beam,M341,L40x4,A36,1.04021,1.04021,8.85,-1.04021,1.04021,8.85,horizontal
185,100344,beam,M344,L40x4,A36,-1.04021,1.04021,8.85,-1.04021,-1.04021,8.85,horizontal
186,100359,beam,M359,L40x4,A36,-1.07497,-1.07497,6.925,1.07497,-1.07497,6.925,horizontal
187,100362,beam,M362,L40x4,A36,1.07497,-1.07497,6.925,1.07497,1.07497,6.925,horizontal
188,100365,beam,M365,L40x4,A36,1.07497,1.07497,6.925,-1.07497,1.07497,6.925,horizontal
189,100368,beam,M368,L40x4,A36,-1.07497,1.07497,6.925,-1.07497,-1.07497,6.925,horizontal
190,100383,beam,M383,L40x4,A36,-1.11153,-1.11153,4.9,1.11153,-1.11153,4.9,horizontal
191,100386,beam,M386,L40x4,A36,1.11153,-1.11153,4.9,1.11153,1.11153,4.9,horizontal
192,100389,beam,M389,L40x4,A36,1.11153,1.11153,4.9,-1.11153,1.11153,4.9,horizontal
193,100392,beam,M392,L40x4,A36,-1.11153,1.11153,4.9,-1.11153,-1.11153,4.9,horizontal
194,100407,beam,M407,L40x4,A36,-1.14854,-1.14854,2.85,1.14854,-1.14854,2.85,horizontal
195,100410,beam,M410,L40x4,A36,1.14854,-1.14854,2.85,1.14854,1.14854,2.85,horizontal
196,100413,beam,M413,L40x4,A36,1.14854,1.14854,2.85,-1.14854,1.14854,2.85,horizontal
197,100416,beam,M416,L40x4,A36,-1.14854,1.14854,2.85,-1.14854,-1.14854,2.85,horizontal
198,100419,beam,M419,L40x4,A36,0.0,-1.14854,2.85,1.14854,0.0,2.85,horizontal
199,100420,beam,M420,L40x4,A36,1.14854,0.0,2.85,0.0,1.14854,2.85,horizontal
200,100421,beam,M421,L40x4,A36,0.0,1.14854,2.85,-1.14854,0.0,2.85,horizontal
201,100422,beam,M422,L40x4,A36,-1.14854,0.0,2.85,0.0,-1.14854,2.85,horizontal
202,100423,beam,M423,L40x4,A36,0.0,-1.14854,2.85,0.0,1.14854,2.85,horizontal
203,100436,beam,M436,L40x4,A36,-1.18285,-1.18285,0.95,1.18285,-1.18285,0.95,horizontal
204,100439,beam,M439,L40x4,A36,1.18285,-1.18285,0.95,1.18285,1.18285,0.95,horizontal
205,100442,beam,M442,L40x4,A36,1.18285,1.18285,0.95,-1.18285,1.18285,0.95,horizontal
206,100445,beam,M445,L40x4,A36,-1.18285,1.18285,0.95,-1.18285,-1.18285,0.95,horizontal
207,100011,beam,M11,L40x4,A36,-0.45,-0.55,45.94772727272727,0.45,-0.55,46.82727272727273,brace
208,100012,beam,M12,L40x4,A36,0.55,-0.45,45.94772727272727,0.55,0.45,46.82727272727273,brace
209,100013,beam,M13,L40x4,A36,0.45,0.55,45.94772727272727,-0.45,0.55,46.82727272727273,brace
210,100014,beam,M14,L40x4,A36,-0.55,0.45,45.94772727272727,-0.55,-0.45,46.82727272727273,brace
211,100015,beam,M15,L40x4,A36,0.45,-0.55,47.02272727272727,-0.45,-0.55,47.90227272727272,brace
212,100016,beam,M16,L40x4,A36,0.55,0.45,47.02272727272727,0.55,-0.45,47.90227272727272,brace
213,100017,beam,M17,L40x4,A36,-0.45,0.55,47.02272727272727,0.45,0.55,47.90227272727272,brace
214,100018,beam,M18,L40x4,A36,-0.55,-0.45,47.02272727272727,-0.55,0.45,47.90227272727272,brace
215,100027,beam,M27,L40x4,A36,-0.45,-0.55,43.79772727272727,0.45,-0.55,44.67727272727273,brace
216,100028,beam,M28,L40x4,A36,0.55,-0.45,43.79772727272727,0.55,0.45,44.67727272727273,brace
217,100029,beam,M29,L40x4,A36,0.45,0.55,43.79772727272727,-0.45,0.55,44.67727272727273,brace
218,100030,beam,M30,L40x4,A36,-0.55,0.45,43.79772727272727,-0.55,-0.45,44.67727272727273,brace
219,100031,beam,M31,L40x4,A36,0.45,-0.55,44.87272727272728,-0.45,-0.55,45.752272727272725,brace
220,100032,beam,M32,L40x4,A36,0.55,0.45,44.87272727272728,0.55,-0.45,45.752272727272725,brace
221,100033,beam,M33,L40x4,A36,-0.45,0.55,44.87272727272728,0.45,0.55,45.752272727272725,brace
222,100034,beam,M34,L40x4,A36,-0.55,-0.45,44.87272727272728,-0.55,0.45,45.752272727272725,brace
223,100043,beam,M43,L40x4,A36,-0.45,-0.55,41.64772727272727,0.45,-0.55,42.52727272727272,brace
224,100044,beam,M44,L40x4,A36,0.55,-0.45,41.64772727272727,0.55,0.45,42.52727272727272,brace
225,100045,beam,M45,L40x4,A36,0.45,0.55,41.64772727272727,-0.45,0.55,42.52727272727272,brace
226,100046,beam,M46,L40x4,A36,-0.55,0.45,41.64772727272727,-0.55,-0.45,42.52727272727272,brace
227,100047,beam,M47,L40x4,A36,0.45,-0.55,42.72272727272728,-0.45,-0.55,43.60227272727273,brace
228,100048,beam,M48,L40x4,A36,0.55,0.45,42.72272727272728,0.55,-0.45,43.60227272727273,brace
229,100049,beam,M49,L40x4,A36,-0.45,0.55,42.72272727272728,0.45,0.55,43.60227272727273,brace
230,100050,beam,M50,L40x4,A36,-0.55,-0.45,42.72272727272728,-0.55,0.45,43.60227272727273,brace
231,100059,beam,M59,L40x5,A36,-0.45,-0.55,39.59318181818182,0.45,-0.55,40.43181818181818,brace
232,100060,beam,M60,L40x5,A36,0.55,-0.45,39.59318181818182,0.55,0.45,40.43181818181818,brace
233,100061,beam,M61,L40x5,A36,0.45,0.55,39.59318181818182,-0.45,0.55,40.43181818181818,brace
234,100062,beam,M62,L40x5,A36,-0.55,0.45,39.59318181818182,-0.55,-0.45,40.43181818181818,brace
235,100063,beam,M63,L40x5,A36,0.45,-0.55,40.61818181818182,-0.45,-0.55,41.45681818181818,brace
236,100064,beam,M64,L40x5,A36,0.55,0.45,40.61818181818182,0.55,-0.45,41.45681818181818,brace
237,100065,beam,M65,L40x5,A36,-0.45,0.55,40.61818181818182,0.45,0.55,41.45681818181818,brace
238,100066,beam,M66,L40x5,A36,-0.55,-0.45,40.61818181818182,-0.55,0.45,41.45681818181818,brace
239,100075,beam,M75,L40x5,A36,-0.45,-0.55,37.59090909090909,0.45,-0.55,38.40909090909091,brace
240,100076,beam,M76,L40x5,A36,0.55,-0.45,37.59090909090909,0.55,0.45,38.40909090909091,brace
241,100077,beam,M77,L40x5,A36,0.45,0.55,37.59090909090909,-0.45,0.55,38.40909090909091,brace
242,100078,beam,M78,L40x5,A36,-0.55,0.45,37.59090909090909,-0.55,-0.45,38.40909090909091,brace
243,100079,beam,M79,L40x5,A36,0.45,-0.55,38.59090909090909,-0.45,-0.55,39.40909090909091,brace
244,100080,beam,M80,L40x5,A36,0.55,0.45,38.59090909090909,0.55,-0.45,39.40909090909091,brace
245,100081,beam,M81,L40x5,A36,-0.45,0.55,38.59090909090909,0.45,0.55,39.40909090909091,brace
246,100082,beam,M82,L40x5,A36,-0.55,-0.45,38.59090909090909,-0.55,0.45,39.40909090909091,brace
247,100091,beam,M91,L40x4,A36,-0.45,-0.55,36.06818181818182,0.45,-0.55,36.68181818181818,brace
248,100092,beam,M92,L40x4,A36,0.55,-0.45,36.06818181818182,0.55,0.45,36.68181818181818,brace
249,100093,beam,M93,L40x4,A36,0.45,0.55,36.06818181818182,-0.45,0.55,36.68181818181818,brace
250,100094,beam,M94,L40x4,A36,-0.55,0.45,36.06818181818182,-0.55,-0.45,36.68181818181818,brace
251,100095,beam,M95,L40x4,A36,0.45,-0.55,36.81818181818182,-0.45,-0.55,37.43181818181818,brace
252,100096,beam,M96,L40x4,A36,0.55,0.45,36.81818181818182,0.55,-0.45,37.43181818181818,brace
253,100097,beam,M97,L40x4,A36,-0.45,0.55,36.81818181818182,0.45,0.55,37.43181818181818,brace
254,100098,beam,M98,L40x4,A36,-0.55,-0.45,36.81818181818182,-0.55,0.45,37.43181818181818,brace
255,100109,beam,M109,L40x5,A36,-0.488827593613656,-0.5888438432999157,33.8486462505585,0.4720155641258547,-0.572031899961765,34.77974634682294,brace
256,100110,beam,M110,L40x5,A36,0.5888438432999157,-0.488827593613656,33.8486462505585,0.572031899961765,0.4720155641258547,34.77974634682294,brace
257,100111,beam,M111,L40x5,A36,0.488827593613656,0.5888438432999157,33.8486462505585,-0.4720155641258547,0.572031899961765,34.77974634682294,brace
258,100112,beam,M112,L40x5,A36,-0.5888438432999157,0.488827593613656,33.8486462505585,-0.572031899961765,-0.4720155641258547,34.77974634682294,brace
259,100113,beam,M113,L40x5,A36,0.4684488138771912,-0.5684651528390962,34.97728943757468,-0.4517648193282687,-0.5517810690145283,35.9013537494415,brace
260,100114,beam,M114,L40x5,A36,0.5684651528390962,0.4684488138771912,34.97728943757468,0.5517810690145283,-0.4517648193282687,35.9013537494415,brace
261,100115,beam,M115,L40x5,A36,-0.4684488138771912,0.5684651528390962,34.97728943757468,0.4517648193282687,0.5517810690145283,35.9013537494415,brace
262,100116,beam,M116,L40x5,A36,-0.5684651528390962,-0.4684488138771912,34.97728943757468,-0.5517810690145283,0.4517648193282687,35.9013537494415,brace
263,100125,beam,M125,L40x5,A36,-0.5261033300077186,-0.6261196236202602,31.78414982380901,0.5105902813787252,-0.6106065749912667,32.64333147641172,brace
264,100126,beam,M126,L40x5,A36,0.6261196236202602,-0.5261033300077186,31.78414982380901,0.6106065749912667,0.5105902813787252,32.64333147641172,brace
265,100127,beam,M127,L40x5,A36,0.5261033300077186,0.6261196236202602,31.78414982380901,-0.5105902813787252,0.6106065749912667,32.64333147641172,brace
266,100128,beam,M128,L40x5,A36,-0.6261196236202602,0.5261033300077186,31.78414982380901,-0.6106065749912667,-0.5105902813787252,32.64333147641172,brace
267,100129,beam,M129,L40x5,A36,0.5075487209517866,-0.6075650145643282,32.811786625145274,-0.4921280827671981,-0.5921443763797397,33.66585017619099,brace
268,100130,beam,M130,L40x5,A36,0.6075650145643282,0.5075487209517866,32.811786625145274,0.5921443763797397,-0.4921280827671981,33.66585017619099,brace
269,100131,beam,M131,L40x5,A36,-0.5075487209517866,0.6075650145643282,32.811786625145274,0.4921280827671981,0.5921443763797397,33.66585017619099,brace
270,100132,beam,M132,L40x5,A36,-0.6075650145643282,-0.5075487209517866,32.811786625145274,-0.5921443763797397,0.4921280827671981,33.66585017619099,brace
271,100141,beam,M141,L40x4,A36,-0.5571230961711747,-0.6571393892142811,30.066108631515025,0.5441354923947591,-0.6441517854378654,30.785432486988626,brace
272,100142,beam,M142,L40x4,A36,0.6571393892142811,-0.5571230961711747,30.066108631515025,0.6441517854378654,0.5441354923947591,30.785432486988626,brace
273,100143,beam,M143,L40x4,A36,0.5571230961711747,0.6571393892142811,30.066108631515025,-0.5441354923947591,0.6441517854378654,30.785432486988626,brace
274,100144,beam,M144,L40x4,A36,-0.6571393892142811,0.5571230961711747,30.066108631515025,-0.6441517854378654,-0.5441354923947591,30.785432486988626,brace
275,100145,beam,M145,L40x4,A36,0.5417469100550659,-0.6417632030981721,30.91772511673641,-0.5288163177426126,-0.6288326107857188,31.63389136848497,brace
276,100146,beam,M146,L40x4,A36,0.6417632030981721,0.5417469100550659,30.91772511673641,0.6288326107857188,-0.5288163177426126,31.63389136848497,brace
277,100147,beam,M147,L40x4,A36,-0.5417469100550659,0.6417632030981721,30.91772511673641,0.5288163177426126,0.6288326107857188,31.63389136848497,brace
278,100148,beam,M148,L40x4,A36,-0.6417632030981721,-0.5417469100550659,30.91772511673641,-0.6288326107857188,0.5288163177426126,31.63389136848497,brace
279,100157,beam,M157,L40x5,A36,-0.5913528207585033,-0.6913691146952732,28.170331198011457,0.5767081430339301,-0.6767244369707001,28.981410533308168,brace
280,100158,beam,M158,L40x5,A36,0.6913691146952732,-0.5913528207585033,28.170331198011457,0.6767244369707001,0.5767081430339301,28.981410533308168,brace
281,100159,beam,M159,L40x5,A36,0.5913528207585033,0.6913691146952732,28.170331198011457,-0.5767081430339301,0.6767244369707001,28.981410533308168,brace
282,100160,beam,M160,L40x5,A36,-0.6913691146952732,0.5913528207585033,28.170331198011457,-0.6767244369707001,-0.5767081430339301,28.981410533308168,brace
283,100161,beam,M161,L40x5,A36,0.5741667336390182,-0.6741830275757881,29.12216369165752,-0.5595865913679569,-0.6596028853047268,29.929668801988544,brace
284,100162,beam,M162,L40x5,A36,0.6741830275757881,0.5741667336390182,29.12216369165752,0.6596028853047268,-0.5595865913679569,29.929668801988544,brace
285,100163,beam,M163,L40x5,A36,-0.5741667336390182,0.6741830275757881,29.12216369165752,0.5595865913679569,0.6596028853047268,29.929668801988544,brace
286,100164,beam,M164,L40x5,A36,-0.6741830275757881,-0.5741667336390182,29.12216369165752,-0.6596028853047268,0.5595865913679569,29.929668801988544,brace
287,100173,beam,M173,L40x5,A36,-0.6239763600405825,-0.7239926535553416,26.363489956934924,0.6099933638830742,-0.7100096573978333,27.13793282104308,brace
288,100174,beam,M174,L40x5,A36,0.7239926535553416,-0.6239763600405825,26.363489956934924,0.7100096573978333,0.6099933638830742,27.13793282104308,brace
289,100175,beam,M175,L40x5,A36,0.6239763600405825,0.7239926535553416,26.363489956934924,-0.6099933638830742,0.7100096573978333,27.13793282104308,brace
290,100176,beam,M176,L40x5,A36,-0.7239926535553416,0.6239763600405825,26.363489956934924,-0.7100096573978333,-0.6099933638830742,27.13793282104308,brace
291,100177,beam,M177,L40x5,A36,0.6076994656125678,-0.7077157591273269,27.26497949448651,-0.5937690529298993,-0.6937853464446584,28.03651004306508,brace
292,100178,beam,M178,L40x5,A36,0.7077157591273269,0.6076994656125678,27.26497949448651,0.6937853464446584,-0.5937690529298993,28.03651004306508,brace
293,100179,beam,M179,L40x5,A36,-0.6076994656125678,0.7077157591273269,27.26497949448651,0.5937690529298993,0.6937853464446584,28.03651004306508,brace
294,100180,beam,M180,L40x5,A36,-0.7077157591273269,-0.6076994656125678,27.26497949448651,-0.6937853464446584,0.5937690529298993,28.03651004306508,brace
295,100189,beam,M189,L40x5,A36,0.6657311337095169,-0.7657474452299756,24.0509299026351,-0.6537106747176524,-0.7537269508972962,24.71668970938691,brace
296,100190,beam,M190,L40x5,A36,0.7657474452299756,0.6657311337095169,24.0509299026351,0.7537269508972962,-0.6537106747176524,24.71668970938691,brace
297,100191,beam,M191,L40x5,A36,-0.6657311337095169,0.7657474452299756,24.0509299026351,0.6537106747176524,0.7537269508972962,24.71668970938691,brace
298,100192,beam,M192,L40x5,A36,-0.7657474452299756,-0.6657311337095169,24.0509299026351,-0.7537269508972962,0.6537106747176524,24.71668970938691,brace
299,100193,beam,M193,L40x5,A36,-0.6518710310547867,-0.7518872207633648,24.81857711932417,0.6398841597868471,-0.7399005555445053,25.48237669721753,brace
300,100194,beam,M194,L40x5,A36,0.7518872207633648,-0.6518710310547867,24.81857711932417,0.7399005555445053,0.6398841597868471,25.48237669721753,brace
301,100195,beam,M195,L40x5,A36,0.6518710310547867,0.7518872207633648,24.81857711932417,-0.6398841597868471,0.7399005555445053,25.48237669721753,brace
302,100196,beam,M196,L40x5,A36,-0.7518872207633648,0.6518710310547867,24.81857711932417,-0.7399005555445053,-0.6398841597868471,25.48237669721753,brace
303,100197,beam,M197,L40x5,A36,0.638010024808957,-0.738026405951292,25.586174386443037,-0.6260595038610944,-0.7260757117350728,26.24811610408321,brace
304,100198,beam,M198,L40x5,A36,0.738026405951292,0.638010024808957,25.586174386443037,0.7260757117350728,-0.6260595038610944,26.24811610408321,brace
305,100199,beam,M199,L40x5,A36,-0.638010024808957,0.738026405951292,25.586174386443037,0.6260595038610944,0.7260757117350728,26.24811610408321,brace
306,100200,beam,M200,L40x5,A36,-0.738026405951292,-0.638010024808957,25.586174386443037,-0.7260757117350728,0.6260595038610944,26.24811610408321,brace
307,100209,beam,M209,L45x5,A36,0.7051099267016739,-0.8051262200342026,21.869938973988077,-0.6877433849281354,-0.7877596782606642,22.831783591625268,brace
308,100210,beam,M210,L45x5,A36,0.8051262200342026,0.7051099267016739,21.869938973988077,0.7877596782606642,-0.6877433849281354,22.831783591625268,brace
309,100211,beam,M211,L45x5,A36,-0.7051099267016739,0.8051262200342026,21.869938973988077,0.6877433849281354,0.7877596782606642,22.831783591625268,brace
310,100212,beam,M212,L45x5,A36,-0.8051262200342026,-0.7051099267016739,21.869938973988077,-0.7877596782606642,0.6877433849281354,22.831783591625268,brace
311,100213,beam,M213,L45x5,A36,-0.6852162135773309,-0.7852325069098596,22.97175078793386,0.6679134866332687,-0.7679297799657974,23.930061026011927,brace
312,100214,beam,M214,L45x5,A36,0.7852325069098596,-0.6852162135773309,22.97175078793386,0.7679297799657974,0.6679134866332687,23.930061026011927,brace
313,100215,beam,M215,L45x5,A36,0.6852162135773309,0.7852325069098596,22.97175078793386,-0.6679134866332687,0.7679297799657974,23.930061026011927,brace
314,100216,beam,M216,L45x5,A36,-0.7852325069098596,0.6852162135773309,22.97175078793386,-0.7679297799657974,-0.6679134866332687,23.930061026011927,brace
315,100227,beam,M227,L45x5,A36,0.7396361511663132,-0.8396524745053013,19.957687104708707,-0.7245460122243863,-0.8245622754791552,20.793489872598094,brace
316,100228,beam,M228,L45x5,A36,0.8396524745053013,0.7396361511663132,19.957687104708707,0.8245622754791552,-0.7245460122243863,20.793489872598094,brace
317,100229,beam,M229,L45x5,A36,-0.7396361511663132,0.8396524745053013,19.957687104708707,0.7245460122243863,0.8245622754791552,20.793489872598094,brace
318,100230,beam,M230,L45x5,A36,-0.8396524745053013,-0.7396361511663132,19.957687104708707,-0.8245622754791552,0.7245460122243863,20.793489872598094,brace
319,100231,beam,M231,L45x5,A36,-0.7224619964772169,-0.8224782584671214,20.908914152406847,0.7074142628789788,-0.8074305862179668,21.74231289529129,brace
320,100232,beam,M232,L45x5,A36,0.8224782584671214,-0.7224619964772169,20.908914152406847,0.8074305862179668,0.7074142628789788,21.74231289529129,brace
321,100233,beam,M233,L45x5,A36,0.7224619964772169,0.8224782584671214,20.908914152406847,-0.7074142628789788,0.8074305862179668,21.74231289529129,brace
322,100234,beam,M234,L45x5,A36,-0.8224782584671214,0.7224619964772169,20.908914152406847,-0.8074305862179668,-0.7074142628789788,21.74231289529129,brace
323,100243,beam,M243,L45x5,A36,-0.7743215328075066,-0.8743378111992671,18.03667373568029,0.7642022258622844,-0.864218535140915,18.59710552647648,brace
324,100244,beam,M244,L45x5,A36,0.8743378111992671,-0.7743215328075066,18.03667373568029,0.864218535140915,0.7642022258622844,18.59710552647648,brace
325,100245,beam,M245,L45x5,A36,0.7743215328075066,0.8743378111992671,18.03667373568029,-0.7642022258622844,0.864218535140915,18.59710552647648,brace
326,100246,beam,M246,L45x5,A36,-0.8743378111992671,0.7743215328075066,18.03667373568029,-0.864218535140915,-0.7642022258622844,18.59710552647648,brace
327,100247,beam,M247,L45x5,A36,0.7628775402595473,-0.8628939243705134,18.670471779949,-0.7527759833578275,-0.8527921883145334,19.23002050035633,brace
328,100248,beam,M248,L45x5,A36,0.8628939243705134,0.7628775402595473,18.670471779949,0.8527921883145334,-0.7527759833578275,19.23002050035633,brace
329,100249,beam,M249,L45x5,A36,-0.7628775402595473,0.8628939243705134,18.670471779949,0.7527759833578275,0.8527921883145334,19.23002050035633,brace
330,100250,beam,M250,L45x5,A36,-0.8628939243705134,-0.7628775402595473,18.670471779949,-0.8527921883145334,0.7527759833578275,19.23002050035633,brace
331,100251,beam,M251,L45x5,A36,-0.7514335188352338,-0.8514497373391444,19.304371418600898,0.7413487658525435,-0.8413651342098827,19.86283409451568,brace
332,100252,beam,M252,L45x5,A36,0.8514497373391444,-0.7514335188352338,19.304371418600898,0.8413651342098827,0.7413487658525435,19.86283409451568,brace
333,100253,beam,M253,L45x5,A36,0.7514335188352338,0.8514497373391444,19.304371418600898,-0.7413487658525435,0.8413651342098827,19.86283409451568,brace
334,100254,beam,M254,L45x5,A36,-0.8514497373391444,0.7514335188352338,19.304371418600898,-0.8413651342098827,-0.7413487658525435,19.86283409451568,brace
335,100263,beam,M263,L60x4,A36,-0.8135958004351752,-0.913612093767704,15.861472073688418,0.7959305139410896,-0.8959468072736183,16.83986264533608,brace
336,100264,beam,M264,L60x4,A36,0.913612093767704,-0.8135958004351752,15.861472073688418,0.8959468072736183,0.7959305139410896,16.83986264533608,brace
337,100265,beam,M265,L60x4,A36,0.8135958004351752,0.913612093767704,15.861472073688418,-0.7959305139410896,0.8959468072736183,16.83986264533608,brace
338,100266,beam,M266,L60x4,A36,-0.913612093767704,0.8135958004351752,15.861472073688418,-0.8959468072736183,-0.7959305139410896,16.83986264533608,brace
339,100267,beam,M267,L60x4,A36,0.7937096074663985,-0.8937259007989272,16.962867384380445,-0.7760936128997673,-0.876109906232296,17.938527926311583,brace
340,100268,beam,M268,L60x4,A36,0.8937259007989272,0.7937096074663985,16.962867384380445,0.876109906232296,-0.7760936128997673,17.938527926311583,brace
341,100269,beam,M269,L60x4,A36,-0.7937096074663985,0.8937259007989272,16.962867384380445,0.7760936128997673,0.876109906232296,17.938527926311583,brace
342,100270,beam,M270,L60x4,A36,-0.8937259007989272,-0.7937096074663985,16.962867384380445,-0.876109906232296,0.7760936128997673,17.938527926311583,brace
343,100279,beam,M279,L60x4,A36,-0.8507279875564495,-0.9507442811689912,13.804925801144655,0.8341851407315871,-0.9342014343441286,14.72114225953791,brace
344,100280,beam,M280,L60x4,A36,0.9507442811689912,-0.8507279875564495,13.804925801144655,0.9342014343441286,0.8341851407315871,14.72114225953791,brace
345,100281,beam,M281,L60x4,A36,0.8507279875564495,0.9507442811689912,13.804925801144655,-0.8341851407315871,0.9342014343441286,14.72114225953791,brace
346,100282,beam,M282,L60x4,A36,-0.9507442811689912,0.8507279875564495,13.804925801144655,-0.9342014343441286,-0.8341851407315871,14.72114225953791,brace
347,100283,beam,M283,L60x4,A36,0.8322009227275665,-0.932217216340108,14.831037080639176,-0.8156974252184674,-0.9157137188310088,15.745074198855344,brace
348,100284,beam,M284,L60x4,A36,0.932217216340108,0.8322009227275665,14.831037080639176,0.9157137188310088,-0.8156974252184674,15.745074198855344,brace
349,100285,beam,M285,L60x4,A36,-0.8322009227275665,0.932217216340108,14.831037080639176,0.8156974252184674,0.9157137188310088,15.745074198855344,brace
350,100286,beam,M286,L60x4,A36,-0.932217216340108,-0.8322009227275665,14.831037080639176,-0.9157137188310088,0.8156974252184674,15.745074198855344,brace
351,100295,beam,M295,L60x4,A36,-0.8825001430751241,-0.9825164621954436,12.04522538162975,0.868322151219697,-0.9683384190857768,12.830501221670168,brace
352,100296,beam,M296,L60x4,A36,0.9825164621954436,-0.8825001430751241,12.04522538162975,0.9683384190857768,0.868322151219697,12.830501221670168,brace
353,100297,beam,M297,L60x4,A36,0.8825001430751241,0.9825164621954436,12.04522538162975,-0.868322151219697,0.9683384190857768,12.830501221670168,brace
354,100298,beam,M298,L60x4,A36,-0.9825164621954436,0.8825001430751241,12.04522538162975,-0.9683384190857768,-0.868322151219697,12.830501221670168,brace
355,100299,beam,M299,L60x4,A36,0.8666885883775014,-0.966704855399668,12.920976107683432,-0.8525362703703873,-0.9525525894907068,13.70477461837025,brace
356,100300,beam,M300,L60x4,A36,0.966704855399668,0.8666885883775014,12.920976107683432,0.9525525894907068,-0.8525362703703873,13.70477461837025,brace
357,100301,beam,M301,L60x4,A36,-0.8666885883775014,0.966704855399668,12.920976107683432,0.8525362703703873,0.9525525894907068,13.70477461837025,brace
358,100302,beam,M302,L60x4,A36,-0.966704855399668,-0.8666885883775014,12.920976107683432,-0.9525525894907068,0.8525362703703873,13.70477461837025,brace
359,100312,beam,M312,L40x4,A36,-0.9201978494514228,-1.0202139913494614,9.95722355998603,-0.0981525783443813,-1.0046038571106632,10.82177246811113,brace
360,100313,beam,M313,L40x4,A36,0.9201978494514228,-1.0202139913494614,9.95722355998603,0.0981525783443813,-1.0046038571106632,10.82177246811113,brace
361,100315,beam,M315,L40x4,A36,1.0202139913494614,-0.9201978494514228,9.95722355998603,1.0046038571106632,-0.0981525783443813,10.82177246811113,brace
362,100316,beam,M316,L40x4,A36,1.0202139913494614,0.9201978494514228,9.95722355998603,1.0046038571106632,0.0981525783443813,10.82177246811113,brace
363,100318,beam,M318,L40x4,A36,0.9201978494514228,1.0202139913494614,9.95722355998603,0.0981525783443813,1.0046038571106632,10.82177246811113,brace
364,100319,beam,M319,L40x4,A36,-0.9201978494514228,1.0202139913494614,9.95722355998603,-0.0981525783443813,1.0046038571106632,10.82177246811113,brace
365,100321,beam,M321,L40x4,A36,-1.0202139913494614,0.9201978494514228,9.95722355998603,-1.0046038571106632,0.0981525783443813,10.82177246811113,brace
366,100322,beam,M322,L40x4,A36,-1.0202139913494614,-0.9201978494514228,9.95722355998603,-1.0046038571106632,-0.0981525783443813,10.82177246811113,brace
367,100323,beam,M323,L40x4,A36,-0.1020301070092655,-1.000726340042764,11.0365414259818,-0.8852525675239604,-0.985268709421999,11.89277644001397,brace
368,100324,beam,M324,L40x4,A36,0.1020301070092655,-1.000726340042764,11.0365414259818,0.8852525675239604,-0.985268709421999,11.89277644001397,brace
369,100325,beam,M325,L40x4,A36,1.000726340042764,-0.1020301070092655,11.0365414259818,0.985268709421999,-0.8852525675239604,11.89277644001397,brace
370,100326,beam,M326,L40x4,A36,1.000726340042764,0.1020301070092655,11.0365414259818,0.985268709421999,0.8852525675239604,11.89277644001397,brace
371,100327,beam,M327,L40x4,A36,0.1020301070092655,1.000726340042764,11.0365414259818,0.8852525675239604,0.985268709421999,11.89277644001397,brace
372,100328,beam,M328,L40x4,A36,-0.1020301070092655,1.000726340042764,11.0365414259818,-0.8852525675239604,0.985268709421999,11.89277644001397,brace
373,100329,beam,M329,L40x4,A36,-1.000726340042764,0.1020301070092655,11.0365414259818,-0.985268709421999,0.8852525675239604,11.89277644001397,brace
374,100330,beam,M330,L40x4,A36,-1.000726340042764,-0.1020301070092655,11.0365414259818,-0.985268709421999,-0.8852525675239604,11.89277644001397,brace
375,100336,beam,M336,L40x4,A36,-0.9565077093003136,-1.0565244824077926,7.94615055912506,-0.0983385364631848,-1.0418872915759458,8.757075258950367,brace
376,100337,beam,M337,L40x4,A36,0.9565077093003136,-1.0565244824077926,7.94615055912506,0.0983385364631848,-1.0418872915759458,8.757075258950367,brace
377,100339,beam,M339,L40x4,A36,1.0565244824077926,-0.9565077093003136,7.94615055912506,1.0418872915759458,-0.0983385364631848,8.757075258950367,brace
378,100340,beam,M340,L40x4,A36,1.0565244824077926,0.9565077093003136,7.94615055912506,1.0418872915759458,0.0983385364631848,8.757075258950367,brace
379,100342,beam,M342,L40x4,A36,0.9565077093003136,1.0565244824077926,7.94615055912506,0.0983385364631848,1.0418872915759458,8.757075258950367,brace
380,100343,beam,M343,L40x4,A36,-0.9565077093003136,1.0565244824077926,7.94615055912506,-0.0983385364631848,1.0418872915759458,8.757075258950367,brace
381,100345,beam,M345,L40x4,A36,-1.0565244824077926,0.9565077093003136,7.94615055912506,-1.0418872915759458,0.0983385364631848,8.757075258950367,brace
382,100346,beam,M346,L40x4,A36,-1.0565244824077926,-0.9565077093003136,7.94615055912506,-1.0418872915759458,-0.0983385364631848,8.757075258950367,brace
383,100347,beam,M347,L40x4,A36,-0.1018147222685949,-1.0384110723629891,8.949608396290754,-0.9238697059903196,-1.0238864790977984,9.75384944087494,brace
384,100348,beam,M348,L40x4,A36,0.1018147222685949,-1.0384110723629891,8.949608396290754,0.9238697059903196,-1.0238864790977984,9.75384944087494,brace
385,100349,beam,M349,L40x4,A36,1.0384110723629891,-0.1018147222685949,8.949608396290754,1.0238864790977984,-0.9238697059903196,9.75384944087494,brace
386,100350,beam,M350,L40x4,A36,1.0384110723629891,0.1018147222685949,8.949608396290754,1.0238864790977984,0.9238697059903196,9.75384944087494,brace
387,100351,beam,M351,L40x4,A36,0.1018147222685949,1.0384110723629891,8.949608396290754,0.9238697059903196,1.0238864790977984,9.75384944087494,brace
388,100352,beam,M352,L40x4,A36,-0.1018147222685949,1.0384110723629891,8.949608396290754,-0.9238697059903196,1.0238864790977984,9.75384944087494,brace
389,100353,beam,M353,L40x4,A36,-1.0384110723629891,0.1018147222685949,8.949608396290754,-1.0238864790977984,0.9238697059903196,9.75384944087494,brace
390,100354,beam,M354,L40x4,A36,-1.0384110723629891,-0.1018147222685949,8.949608396290754,-1.0238864790977984,-0.9238697059903196,9.75384944087494,brace
391,100360,beam,M360,L40x4,A36,-0.9900994422014388,-1.0901162078144164,6.086063339620645,-0.0985088936417437,-1.0764769558784404,6.841530886972608,brace
392,100361,beam,M361,L40x4,A36,0.9900994422014388,-1.0901162078144164,6.086063339620645,0.0985088936417437,-1.0764769558784404,6.841530886972608,brace
393,100363,beam,M363,L40x4,A36,1.0901162078144164,-0.9900994422014388,6.086063339620645,1.0764769558784404,-0.0985088936417437,6.841530886972608,brace
394,100364,beam,M364,L40x4,A36,1.0901162078144164,0.9900994422014388,6.086063339620645,1.0764769558784404,0.0985088936417437,6.841530886972608,brace
395,100366,beam,M366,L40x4,A36,0.9900994422014388,1.0901162078144164,6.086063339620645,0.0985088936417437,1.0764769558784404,6.841530886972608,brace
396,100367,beam,M367,L40x4,A36,-0.9900994422014388,1.0901162078144164,6.086063339620645,-0.0985088936417437,1.0764769558784404,6.841530886972608,brace
397,100369,beam,M369,L40x4,A36,-1.0901162078144164,0.9900994422014388,6.086063339620645,-1.0764769558784404,0.0985088936417437,6.841530886972608,brace
398,100370,beam,M370,L40x4,A36,-1.0901162078144164,-0.9900994422014388,6.086063339620645,-1.0764769558784404,-0.0985088936417437,6.841530886972608,brace
399,100371,beam,M371,L40x4,A36,-0.1016204140861233,-1.073365406498045,7.013823996966401,-0.9597979569870884,-1.0598147226000658,7.763936660379355,brace
400,100372,beam,M372,L40x4,A36,0.1016204140861233,-1.073365406498045,7.013823996966401,0.9597979569870884,-1.0598147226000658,7.763936660379355,brace
401,100373,beam,M373,L40x4,A36,1.073365406498045,-0.1016204140861233,7.013823996966401,1.0598147226000658,-0.9597979569870884,7.763936660379355,brace
402,100374,beam,M374,L40x4,A36,1.073365406498045,0.1016204140861233,7.013823996966401,1.0598147226000658,0.9597979569870884,7.763936660379355,brace
403,100375,beam,M375,L40x4,A36,0.1016204140861233,1.073365406498045,7.013823996966401,0.9597979569870884,1.0598147226000658,7.763936660379355,brace
404,100376,beam,M376,L40x4,A36,-0.1016204140861233,1.073365406498045,7.013823996966401,-0.9597979569870884,1.0598147226000658,7.763936660379355,brace
405,100377,beam,M377,L40x4,A36,-1.073365406498045,0.1016204140861233,7.013823996966401,-1.0598147226000658,0.9597979569870884,7.763936660379355,brace
406,100378,beam,M378,L40x4,A36,-1.073365406498045,-0.1016204140861233,7.013823996966401,-1.0598147226000658,-0.9597979569870884,7.763936660379355,brace
407,100384,beam,M384,L40x4,A36,-1.0295866908153808,-1.1296029825078826,3.898978813762788,-0.0982909292143146,-1.1132553624781871,4.804436116515308,brace
408,100385,beam,M385,L40x4,A36,1.0295866908153808,-1.1296029825078826,3.898978813762788,0.0982909292143146,-1.1132553624781871,4.804436116515308,brace
409,100387,beam,M387,L40x4,A36,1.1296029825078826,-1.0295866908153808,3.898978813762788,1.1132553624781871,-0.0982909292143146,4.804436116515308,brace
410,100388,beam,M388,L40x4,A36,1.1296029825078826,1.0295866908153808,3.898978813762788,1.1132553624781871,0.0982909292143146,4.804436116515308,brace
411,100390,beam,M390,L40x4,A36,1.0295866908153808,1.1296029825078826,3.898978813762788,0.0982909292143146,1.1132553624781871,4.804436116515308,brace
412,100391,beam,M391,L40x4,A36,-1.0295866908153808,1.1296029825078826,3.898978813762788,-0.0982909292143146,1.1132553624781871,4.804436116515308,brace
413,100393,beam,M393,L40x4,A36,-1.1296029825078826,1.0295866908153808,3.898978813762788,-1.1132553624781871,0.0982909292143146,4.804436116515308,brace
414,100394,beam,M394,L40x4,A36,-1.1296029825078826,-1.0295866908153808,3.898978813762788,-1.1132553624781871,-0.0982909292143146,4.804436116515308,brace
415,100395,beam,M395,L40x4,A36,-0.1018695339210807,-1.109676757771421,5.002646850525515,-0.9934407257996152,-1.0934570174921172,5.901021186237212,brace
416,100396,beam,M396,L40x4,A36,0.1018695339210807,-1.109676757771421,5.002646850525515,0.9934407257996152,-1.0934570174921172,5.901021186237212,brace
417,100397,beam,M397,L40x4,A36,1.109676757771421,-0.1018695339210807,5.002646850525515,1.0934570174921172,-0.9934407257996152,5.901021186237212,brace
418,100398,beam,M398,L40x4,A36,1.109676757771421,0.1018695339210807,5.002646850525515,1.0934570174921172,0.9934407257996152,5.901021186237212,brace
419,100399,beam,M399,L40x4,A36,0.1018695339210807,1.109676757771421,5.002646850525515,0.9934407257996152,1.0934570174921172,5.901021186237212,brace
420,100400,beam,M400,L40x4,A36,-0.1018695339210807,1.109676757771421,5.002646850525515,-0.9934407257996152,1.0934570174921172,5.901021186237212,brace
421,100401,beam,M401,L40x4,A36,-1.109676757771421,0.1018695339210807,5.002646850525515,-1.0934570174921172,0.9934407257996152,5.901021186237212,brace
422,100402,beam,M402,L40x4,A36,-1.109676757771421,-0.1018695339210807,5.002646850525515,-1.0934570174921172,-0.9934407257996152,5.901021186237212,brace
423,100408,beam,M408,L45x4,A36,-1.0641802684812172,-1.1641965567213004,1.9827271787034664,-0.0985661518367511,-1.149990136403332,2.769671744421833,brace
424,100409,beam,M409,L45x4,A36,1.0641802684812172,-1.1641965567213004,1.9827271787034664,0.0985661518367511,-1.149990136403332,2.769671744421833,brace
425,100411,beam,M411,L45x4,A36,1.1641965567213004,-1.0641802684812172,1.9827271787034664,1.149990136403332,-0.0985661518367511,2.769671744421833,brace
426,100412,beam,M412,L45x4,A36,1.1641965567213004,1.0641802684812172,1.9827271787034664,1.149990136403332,0.0985661518367511,2.769671744421833,brace
427,100414,beam,M414,L45x4,A36,1.0641802684812172,1.1641965567213004,1.9827271787034664,0.0985661518367511,1.149990136403332,2.769671744421833,brace
428,100415,beam,M415,L45x4,A36,-1.0641802684812172,1.1641965567213004,1.9827271787034664,-0.0985661518367511,1.149990136403332,2.769671744421833,brace
429,100417,beam,M417,L45x4,A36,-1.1641965567213004,1.0641802684812172,1.9827271787034664,-1.149990136403332,0.0985661518367511,2.769671744421833,brace
430,100418,beam,M418,L45x4,A36,-1.1641965567213004,-1.0641802684812172,1.9827271787034664,-1.149990136403332,-0.0985661518367511,2.769671744421833,brace
431,100424,beam,M424,L45x4,A36,-0.1015557046524517,-1.1470005835876314,2.93527379543732,-1.032867155038616,-1.1328834432786994,3.717272821296533,brace
432,100425,beam,M425,L45x4,A36,0.1015557046524517,-1.1470005835876314,2.93527379543732,1.032867155038616,-1.1328834432786994,3.717272821296533,brace
433,100426,beam,M426,L45x4,A36,1.1470005835876314,-0.1015557046524517,2.93527379543732,1.1328834432786994,-1.032867155038616,3.717272821296533,brace
434,100427,beam,M427,L45x4,A36,1.1470005835876314,0.1015557046524517,2.93527379543732,1.1328834432786994,1.032867155038616,3.717272821296533,brace
435,100428,beam,M428,L45x4,A36,0.1015557046524517,1.1470005835876314,2.93527379543732,1.032867155038616,1.1328834432786994,3.717272821296533,brace
436,100429,beam,M429,L45x4,A36,-0.1015557046524517,1.1470005835876314,2.93527379543732,-1.032867155038616,1.1328834432786994,3.717272821296533,brace
437,100430,beam,M430,L45x4,A36,-1.1470005835876314,0.1015557046524517,2.93527379543732,-1.1328834432786994,1.032867155038616,3.717272821296533,brace
438,100431,beam,M431,L45x4,A36,-1.1470005835876314,-0.1015557046524517,2.93527379543732,-1.1328834432786994,-1.032867155038616,3.717272821296533,brace
439,100437,beam,M437,L45x4,A36,-1.0985331492159305,-1.1985498695908776,0.0803279235373883,-0.098606633864909,-1.1842592531423193,0.871936414856947,brace
440,100438,beam,M438,L45x4,A36,1.0985331492159305,-1.1985498695908776,0.0803279235373883,0.098606633864909,-1.1842592531423193,0.871936414856947,brace
441,100440,beam,M440,L45x4,A36,1.1985498695908776,-1.0985331492159305,0.0803279235373883,1.1842592531423193,-0.098606633864909,0.871936414856947,brace
442,100441,beam,M441,L45x4,A36,1.1985498695908776,1.0985331492159305,0.0803279235373883,1.1842592531423193,0.098606633864909,0.871936414856947,brace
443,100443,beam,M443,L45x4,A36,1.0985331492159305,1.1985498695908776,0.0803279235373883,0.098606633864909,1.1842592531423193,0.871936414856947,brace
444,100444,beam,M444,L45x4,A36,-1.0985331492159305,1.1985498695908776,0.0803279235373883,-0.098606633864909,1.1842592531423193,0.871936414856947,brace
445,100446,beam,M446,L45x4,A36,-1.1985498695908776,1.0985331492159305,0.0803279235373883,-1.1842592531423193,0.098606633864909,0.871936414856947,brace
446,100447,beam,M447,L45x4,A36,-1.1985498695908776,-1.0985331492159305,0.0803279235373883,-1.1842592531423193,-0.098606633864909,0.871936414856947,brace
447,100448,beam,M448,L45x4,A36,-0.1015101832083411,-1.1813556792596187,1.0327275468159836,-1.0671242555912648,-1.167140975966212,1.8196720764626115,brace
448,100449,beam,M449,L45x4,A36,0.1015101832083411,-1.1813556792596187,1.0327275468159836,1.0671242555912648,-1.167140975966212,1.8196720764626115,brace
449,100450,beam,M450,L45x4,A36,1.1813556792596187,-0.1015101832083411,1.0327275468159836,1.167140975966212,-1.0671242555912648,1.8196720764626115,brace
450,100451,beam,M451,L45x4,A36,1.1813556792596187,0.1015101832083411,1.0327275468159836,1.167140975966212,1.0671242555912648,1.8196720764626115,brace
451,100452,beam,M452,L45x4,A36,0.1015101832083411,1.1813556792596187,1.0327275468159836,1.0671242555912648,1.167140975966212,1.8196720764626115,brace
452,100453,beam,M453,L45x4,A36,-0.1015101832083411,1.1813556792596187,1.0327275468159836,-1.0671242555912648,1.167140975966212,1.8196720764626115,brace
453,100454,beam,M454,L45x4,A36,-1.1813556792596187,0.1015101832083411,1.0327275468159836,-1.167140975966212,1.0671242555912648,1.8196720764626115,brace
454,100455,beam,M455,L45x4,A36,-1.1813556792596187,-0.1015101832083411,1.0327275468159836,-1.167140975966212,-1.0671242555912648,1.8196720764626115,brace
