ID,Type,PieceMark,Section,Material,StartX,StartY,StartZ,EndX,EndY,EndZ
00100001,beam,M1,L80x6,A36,-0.55,-0.55,45.85,-0.55,-0.55,48.0
00100002,beam,M2,L80x6,A36,0.55,-0.55,45.85,0.55,-0.55,48.0
00100003,beam,M3,L80x6,A36,0.55,0.55,45.85,0.55,0.55,48.0
00100004,beam,M4,L80x6,A36,-0.55,0.55,45.85,-0.55,0.55,48.0
00100005,beam,M5,L40x4,A36,-0.55,-0.55,48.0,0.55,0.55,48.0
00100006,beam,M6,L40x4,A36,0.55,-0.55,48.0,-0.55,0.55,48.0
00100007,beam,M7,L40x4,A36,-0.55,-0.55,48.0,0.55,-0.55,48.0
00100008,beam,M8,L40x4,A36,0.55,-0.55,48.0,0.55,0.55,48.0
00100009,beam,M9,L40x4,A36,0.55,0.55,48.0,-0.55,0.55,48.0
00100010,beam,M10,L40x4,A36,-0.55,0.55,48.0,-0.55,-0.55,48.0
00100011,beam,M11,L40x4,A36,-0.55,-0.55,45.85,0.55,-0.55,46.925
00100012,beam,M12,L40x4,A36,0.55,-0.55,45.85,0.55,0.55,46.925
00100013,beam,M13,L40x4,A36,0.55,0.55,45.85,-0.55,0.55,46.925
00100014,beam,M14,L40x4,A36,-0.55,0.55,45.85,-0.55,-0.55,46.925
00100015,beam,M15,L40x4,A36,0.55,-0.55,46.925,-0.55,-0.55,48.0
00100016,beam,M16,L40x4,A36,0.55,0.55,46.925,0.55,-0.55,48.0
00100017,beam,M17,L40x4,A36,-0.55,0.55,46.925,0.55,0.55,48.0
00100018,beam,M18,L40x4,A36,-0.55,-0.55,46.925,-0.55,0.55,48.0
00100019,beam,M19,L80x6,A36,-0.55,-0.55,43.7,-0.55,-0.55,45.85
00100020,beam,M20,L80x6,A36,0.55,-0.55,43.7,0.55,-0.55,45.85
00100021,beam,M21,L80x6,A36,0.55,0.55,43.7,0.55,0.55,45.85
00100022,beam,M22,L80x6,A36,-0.55,0.55,43.7,-0.55,0.55,45.85
00100023,beam,M23,L40x4,A36,-0.55,-0.55,45.85,0.55,-0.55,45.85
00100024,beam,M24,L40x4,A36,0.55,-0.55,45.85,0.55,0.55,45.85
00100025,beam,M25,L40x4,A36,0.55,0.55,45.85,-0.55,0.55,45.85
00100026,beam,M26,L40x4,A36,-0.55,0.55,45.85,-0.55,-0.55,45.85
00100027,beam,M27,L40x4,A36,-0.55,-0.55,43.7,0.55,-0.55,44.775
00100028,beam,M28,L40x4,A36,0.55,-0.55,43.7,0.55,0.55,44.775
00100029,beam,M29,L40x4,A36,0.55,0.55,43.7,-0.55,0.55,44.775
00100030,beam,M30,L40x4,A36,-0.55,0.55,43.7,-0.55,-0.55,44.775
00100031,beam,M31,L40x4,A36,0.55,-0.55,44.775,-0.55,-0.55,45.85
00100032,beam,M32,L40x4,A36,0.55,0.55,44.775,0.55,-0.55,45.85
00100033,beam,M33,L40x4,A36,-0.55,0.55,44.775,0.55,0.55,45.85
00100034,beam,M34,L40x4,A36,-0.55,-0.55,44.775,-0.55,0.55,45.85
00100035,beam,M35,L80X6,A36,-0.55,-0.55,41.55,-0.55,-0.55,43.7
00100036,beam,M36,L80X6,A36,0.55,-0.55,41.55,0.55,-0.55,43.7
00100037,beam,M37,L80X6,A36,0.55,0.55,41.55,0.55,0.55,43.7
00100038,beam,M38,L80X6,A36,-0.55,0.55,41.55,-0.55,0.55,43.7
00100039,beam,M39,L40x4,A36,-0.55,-0.55,43.7,0.55,-0.55,43.7
00100040,beam,M40,L40x4,A36,0.55,-0.55,43.7,0.55,0.55,43.7
00100041,beam,M41,L40x4,A36,0.55,0.55,43.7,-0.55,0.55,43.7
00100042,beam,M42,L40x4,A36,-0.55,0.55,43.7,-0.55,-0.55,43.7
00100043,beam,M43,L40x4,A36,-0.55,-0.55,41.55,0.55,-0.55,42.625
00100044,beam,M44,L40x4,A36,0.55,-0.55,41.55,0.55,0.55,42.625
00100045,beam,M45,L40x4,A36,0.55,0.55,41.55,-0.55,0.55,42.625
00100046,beam,M46,L40x4,A36,-0.55,0.55,41.55,-0.55,-0.55,42.625
00100047,beam,M47,L40x4,A36,0.55,-0.55,42.625,-0.55,-0.55,43.7
00100048,beam,M48,L40x4,A36,0.55,0.55,42.625,0.55,-0.55,43.7
00100049,beam,M49,L40x4,A36,-0.55,0.55,42.625,0.55,0.55,43.7
00100050,beam,M50,L40x4,A36,-0.55,-0.55,42.625,-0.55,0.55,43.7
00100051,beam,M51,L80X7,A36,-0.55,-0.55,39.5,-0.55,-0.55,41.55
00100052,beam,M52,L80X7,A36,0.55,-0.55,39.5,0.55,-0.55,41.55
00100053,beam,M53,L80X7,A36,0.55,0.55,39.5,0.55,0.55,41.55
00100054,beam,M54,L80X7,A36,-0.55,0.55,39.5,-0.55,0.55,41.55
00100055,beam,M55,L40x4,A36,-0.55,-0.55,41.55,0.55,-0.55,41.55
00100056,beam,M56,L40x4,A36,0.55,-0.55,41.55,0.55,0.55,41.55
00100057,beam,M57,L40x4,A36,0.55,0.55,41.55,-0.55,0.55,41.55
00100058,beam,M58,L40x4,A36,-0.55,0.55,41.55,-0.55,-0.55,41.55
00100059,beam,M59,L40x5,A36,-0.55,-0.55,39.5,0.55,-0.55,40.525
00100060,beam,M60,L40x5,A36,0.55,-0.55,39.5,0.55,0.55,40.525
00100061,beam,M61,L40x5,A36,0.55,0.55,39.5,-0.55,0.55,40.525
00100062,beam,M62,L40x5,A36,-0.55,0.55,39.5,-0.55,-0.55,40.525
00100063,beam,M63,L40x5,A36,0.55,-0.55,40.525,-0.55,-0.55,41.55
00100064,beam,M64,L40x5,A36,0.55,0.55,40.525,0.55,-0.55,41.55
00100065,beam,M65,L40x5,A36,-0.55,0.55,40.525,0.55,0.55,41.55
00100066,beam,M66,L40x5,A36,-0.55,-0.55,40.525,-0.55,0.55,41.55
00100067,beam,M67,L80X7,A36,-0.55,-0.55,37.5,-0.55,-0.55,39.5
00100068,beam,M68,L80X7,A36,0.55,-0.55,37.5,0.55,-0.55,39.5
00100069,beam,M69,L80X7,A36,0.55,0.55,37.5,0.55,0.55,39.5
00100070,beam,M70,L80X7,A36,-0.55,0.55,37.5,-0.55,0.55,39.5
00100071,beam,M71,L40x4,A36,-0.55,-0.55,39.5,0.55,-0.55,39.5
00100072,beam,M72,L40x4,A36,0.55,-0.55,39.5,0.55,0.55,39.5
00100073,beam,M73,L40x4,A36,0.55,0.55,39.5,-0.55,0.55,39.5
00100074,beam,M74,L40x4,A36,-0.55,0.55,39.5,-0.55,-0.55,39.5
00100075,beam,M75,L40x5,A36,-0.55,-0.55,37.5,0.55,-0.55,38.5
00100076,beam,M76,L40x5,A36,0.55,-0.55,37.5,0.55,0.55,38.5
00100077,beam,M77,L40x5,A36,0.55,0.55,37.5,-0.55,0.55,38.5
00100078,beam,M78,L40x5,A36,-0.55,0.55,37.5,-0.55,-0.55,38.5
00100079,beam,M79,L40x5,A36,0.55,-0.55,38.5,-0.55,-0.55,39.5
00100080,beam,M80,L40x5,A36,0.55,0.55,38.5,0.55,-0.55,39.5
00100081,beam,M81,L40x5,A36,-0.55,0.55,38.5,0.55,0.55,39.5
00100082,beam,M82,L40x5,A36,-0.55,-0.55,38.5,-0.55,0.55,39.5
00100083,beam,M83,L80X7,A36,-0.55,-0.55,36.0,-0.55,-0.55,37.5
00100084,beam,M84,L80X7,A36,0.55,-0.55,36.0,0.55,-0.55,37.5
00100085,beam,M85,L80X7,A36,0.55,0.55,36.0,0.55,0.55,37.5
00100086,beam,M86,L80X7,A36,-0.55,0.55,36.0,-0.55,0.55,37.5
00100087,beam,M87,L40x4,A36,-0.55,-0.55,37.5,0.55,-0.55,37.5
00100088,beam,M88,L40x4,A36,0.55,-0.55,37.5,0.55,0.55,37.5
00100089,beam,M89,L40x4,A36,0.55,0.55,37.5,-0.55,0.55,37.5
00100090,beam,M90,L40x4,A36,-0.55,0.55,37.5,-0.55,-0.55,37.5
00100091,beam,M91,L40x4,A36,-0.55,-0.55,36.0,0.55,-0.55,36.75
00100092,beam,M92,L40x4,A36,0.55,-0.55,36.0,0.55,0.55,36.75
00100093,beam,M93,L40x4,A36,0.55,0.55,36.0,-0.55,0.55,36.75
00100094,beam,M94,L40x4,A36,-0.55,0.55,36.0,-0.55,-0.55,36.75
00100095,beam,M95,L40x4,A36,0.55,-0.55,36.75,-0.55,-0.55,37.5
00100096,beam,M96,L40x4,A36,0.55,0.55,36.75,0.55,-0.55,37.5
00100097,beam,M97,L40x4,A36,-0.55,0.55,36.75,0.55,0.55,37.5
00100098,beam,M98,L40x4,A36,-0.55,-0.55,36.75,-0.55,0.55,37.5
00100099,beam,M99,L90x9,A36,-0.590625,-0.590625,33.75,-0.55,-0.55,36.0
00100100,beam,M100,L90x9,A36,0.590625,-0.590625,33.75,0.55,-0.55,36.0
00100101,beam,M101,L90x9,A36,0.590625,0.590625,33.75,0.55,0.55,36.0
00100102,beam,M102,L90x9,A36,-0.590625,0.590625,33.75,-0.55,0.55,36.0
00100103,beam,M103,L40x4,A36,-0.55,-0.55,36.0,0.55,0.55,36.0
00100104,beam,M104,L40x4,A36,0.55,-0.55,36.0,-0.55,0.55,36.0
00100105,beam,M105,L40x4,A36,-0.55,-0.55,36.0,0.55,-0.55,36.0
00100106,beam,M106,L40x4,A36,0.55,-0.55,36.0,0.55,0.55,36.0
00100107,beam,M107,L40x4,A36,0.55,0.55,36.0,-0.55,0.55,36.0
00100108,beam,M108,L40x4,A36,-0.55,0.55,36.0,-0.55,-0.55,36.0
00100109,beam,M109,L40x5,A36,-0.590625,-0.590625,33.75,0.570312,-0.570312,34.875
00100110,beam,M110,L40x5,A36,0.590625,-0.590625,33.75,0.570312,0.570312,34.875
00100111,beam,M111,L40x5,A36,0.590625,0.590625,33.75,-0.570312,0.570312,34.875
00100112,beam,M112,L40x5,A36,-0.590625,0.590625,33.75,-0.570312,-0.570312,34.875
00100113,beam,M113,L40x5,A36,0.570312,-0.570312,34.875,-0.55,-0.55,36.0
00100114,beam,M114,L40x5,A36,0.570312,0.570312,34.875,0.55,-0.55,36.0
00100115,beam,M115,L40x5,A36,-0.570312,0.570312,34.875,0.55,0.55,36.0
00100116,beam,M116,L40x5,A36,-0.570312,-0.570312,34.875,-0.55,0.55,36.0
00100117,beam,M117,L90x9,A36,-0.627639,-0.627639,31.7,-0.590625,-0.590625,33.75
00100118,beam,M118,L90x9,A36,0.627639,-0.627639,31.7,0.590625,-0.590625,33.75
00100119,beam,M119,L90x9,A36,0.627639,0.627639,31.7,0.590625,0.590625,33.75
00100120,beam,M120,L90x9,A36,-0.627639,0.627639,31.7,-0.590625,0.590625,33.75
00100121,beam,M121,L40x4,A36,-0.590625,-0.590625,33.75,0.590625,-0.590625,33.75
00100122,beam,M122,L40x4,A36,0.590625,-0.590625,33.75,0.590625,0.590625,33.75
00100123,beam,M123,L40x4,A36,0.590625,0.590625,33.75,-0.590625,0.590625,33.75
00100124,beam,M124,L40x4,A36,-0.590625,0.590625,33.75,-0.590625,-0.590625,33.75
00100125,beam,M125,L40x5,A36,-0.627639,-0.627639,31.7,0.609132,-0.609132,32.725
00100126,beam,M126,L40x5,A36,0.627639,-0.627639,31.7,0.609132,0.609132,32.725
00100127,beam,M127,L40x5,A36,0.627639,0.627639,31.7,-0.609132,0.609132,32.725
00100128,beam,M128,L40x5,A36,-0.627639,0.627639,31.7,-0.609132,-0.609132,32.725
00100129,beam,M129,L40x5,A36,0.609132,-0.609132,32.725,-0.590625,-0.590625,33.75
00100130,beam,M130,L40x5,A36,0.609132,0.609132,32.725,0.590625,-0.590625,33.75
00100131,beam,M131,L40x5,A36,-0.609132,0.609132,32.725,0.590625,0.590625,33.75
00100132,beam,M132,L40x5,A36,-0.609132,-0.609132,32.725,-0.590625,0.590625,33.75
00100133,beam,M133,L90x9,A36,-0.658333,-0.658333,30.0,-0.627639,-0.627639,31.7
00100134,beam,M134,L90x9,A36,0.658333,-0.658333,30.0,0.627639,-0.627639,31.7
00100135,beam,M135,L90x9,A36,0.658333,0.658333,30.0,0.627639,0.627639,31.7
00100136,beam,M136,L90x9,A36,-0.658333,0.658333,30.0,-0.627639,0.627639,31.7
00100137,beam,M137,L40x4,A36,-0.627639,-0.627639,31.7,0.627639,-0.627639,31.7
00100138,beam,M138,L40x4,A36,0.627639,-0.627639,31.7,0.627639,0.627639,31.7
00100139,beam,M139,L40x4,A36,0.627639,0.627639,31.7,-0.627639,0.627639,31.7
00100140,beam,M140,L40x4,A36,-0.627639,0.627639,31.7,-0.627639,-0.627639,31.7
00100141,beam,M141,L40x4,A36,-0.658333,-0.658333,30.0,0.642986,-0.642986,30.85
00100142,beam,M142,L40x4,A36,0.658333,-0.658333,30.0,0.642986,0.642986,30.85
00100143,beam,M143,L40x4,A36,0.658333,0.658333,30.0,-0.642986,0.642986,30.85
00100144,beam,M144,L40x4,A36,-0.658333,0.658333,30.0,-0.642986,-0.642986,30.85
00100145,beam,M145,L40x4,A36,0.642986,-0.642986,30.85,-0.627639,-0.627639,31.7
00100146,beam,M146,L40x4,A36,0.642986,0.642986,30.85,0.627639,-0.627639,31.7
00100147,beam,M147,L40x4,A36,-0.642986,0.642986,30.85,0.627639,0.627639,31.7
00100148,beam,M148,L40x4,A36,-0.642986,-0.642986,30.85,-0.627639,0.627639,31.7
00100149,beam,M149,L100x10,A36,-0.692639,-0.692639,28.1,-0.658333,-0.658333,30.0
00100150,beam,M150,L100x10,A36,0.692639,-0.692639,28.1,0.658333,-0.658333,30.0
00100151,beam,M151,L100x10,A36,0.692639,0.692639,28.1,0.658333,0.658333,30.0
00100152,beam,M152,L100x10,A36,-0.692639,0.692639,28.1,-0.658333,0.658333,30.0
00100153,beam,M153,L40x4,A36,-0.658333,-0.658333,30.0,0.658333,-0.658333,30.0
00100154,beam,M154,L40x4,A36,0.658333,-0.658333,30.0,0.658333,0.658333,30.0
00100155,beam,M155,L40x4,A36,0.658333,0.658333,30.0,-0.658333,0.658333,30.0
00100156,beam,M156,L40x4,A36,-0.658333,0.658333,30.0,-0.658333,-0.658333,30.0
00100157,beam,M157,L40x5,A36,-0.692639,-0.692639,28.1,0.675486,-0.675486,29.05
00100158,beam,M158,L40x5,A36,0.692639,-0.692639,28.1,0.675486,0.675486,29.05
00100159,beam,M159,L40x5,A36,0.692639,0.692639,28.1,-0.675486,0.675486,29.05
00100160,beam,M160,L40x5,A36,-0.692639,0.692639,28.1,-0.675486,-0.675486,29.05
00100161,beam,M161,L40x5,A36,0.675486,-0.675486,29.05,-0.658333,-0.658333,30.0
00100162,beam,M162,L40x5,A36,0.675486,0.675486,29.05,0.658333,-0.658333,30.0
00100163,beam,M163,L40x5,A36,-0.675486,0.675486,29.05,0.658333,0.658333,30.0
00100164,beam,M164,L40x5,A36,-0.675486,-0.675486,29.05,-0.658333,0.658333,30.0
00100165,beam,M165,L100x10,A36,-0.725139,-0.725139,26.3,-0.692639,-0.692639,28.1
00100166,beam,M166,L100x10,A36,0.725139,-0.725139,26.3,0.692639,-0.692639,28.1
00100167,beam,M167,L100x10,A36,0.725139,0.725139,26.3,0.692639,0.692639,28.1
00100168,beam,M168,L100x10,A36,-0.725139,0.725139,26.3,-0.692639,0.692639,28.1
00100169,beam,M169,L40x4,A36,-0.692639,-0.692639,28.1,0.692639,-0.692639,28.1
00100170,beam,M170,L40x4,A36,0.692639,-0.692639,28.1,0.692639,0.692639,28.1
00100171,beam,M171,L40x4,A36,0.692639,0.692639,28.1,-0.692639,0.692639,28.1
00100172,beam,M172,L40x4,A36,-0.692639,0.692639,28.1,-0.692639,-0.692639,28.1
00100173,beam,M173,L40x5,A36,-0.725139,-0.725139,26.3,0.708889,-0.708889,27.2
00100174,beam,M174,L40x5,A36,0.725139,-0.725139,26.3,0.708889,0.708889,27.2
00100175,beam,M175,L40x5,A36,0.725139,0.725139,26.3,-0.708889,0.708889,27.2
00100176,beam,M176,L40x5,A36,-0.725139,0.725139,26.3,-0.708889,-0.708889,27.2
00100177,beam,M177,L40x5,A36,0.708889,-0.708889,27.2,-0.692639,-0.692639,28.1
00100178,beam,M178,L40x5,A36,0.708889,0.708889,27.2,0.692639,-0.692639,28.1
00100179,beam,M179,L40x5,A36,-0.708889,0.708889,27.2,0.692639,0.692639,28.1
00100180,beam,M180,L40x5,A36,-0.708889,-0.708889,27.2,-0.692639,0.692639,28.1
00100181,beam,M181,L100x10,A36,-0.766667,-0.766667,24.0,-0.725139,-0.725139,26.3
00100182,beam,M182,L100x10,A36,0.766667,-0.766667,24.0,0.725139,-0.725139,26.3
00100183,beam,M183,L100x10,A36,0.766667,0.766667,24.0,0.725139,0.725139,26.3
00100184,beam,M184,L100x10,A36,-0.766667,0.766667,24.0,-0.725139,0.725139,26.3
00100185,beam,M185,L40x4,A36,-0.725139,-0.725139,26.3,0.725139,-0.725139,26.3
00100186,beam,M186,L40x4,A36,0.725139,-0.725139,26.3,0.725139,0.725139,26.3
00100187,beam,M187,L40x4,A36,0.725139,0.725139,26.3,-0.725139,0.725139,26.3
00100188,beam,M188,L40x4,A36,-0.725139,0.725139,26.3,-0.725139,-0.725139,26.3
00100189,beam,M189,L40x5,A36,0.766667,-0.766667,24.0,-0.752824,-0.752824,24.7667
00100190,beam,M190,L40x5,A36,0.766667,0.766667,24.0,0.752824,-0.752824,24.7667
00100191,beam,M191,L40x5,A36,-0.766667,0.766667,24.0,0.752824,0.752824,24.7667
00100192,beam,M192,L40x5,A36,-0.766667,-0.766667,24.0,-0.752824,0.752824,24.7667
00100193,beam,M193,L40x5,A36,-0.752824,-0.752824,24.7667,0.738981,-0.738981,25.5333
00100194,beam,M194,L40x5,A36,0.752824,-0.752824,24.7667,0.738981,0.738981,25.5333
00100195,beam,M195,L40x5,A36,0.752824,0.752824,24.7667,-0.738981,0.738981,25.5333
00100196,beam,M196,L40x5,A36,-0.752824,0.752824,24.7667,-0.738981,-0.738981,25.5333
00100197,beam,M197,L40x5,A36,0.738981,-0.738981,25.5333,-0.725139,-0.725139,26.3
00100198,beam,M198,L40x5,A36,0.738981,0.738981,25.5333,0.725139,-0.725139,26.3
00100199,beam,M199,L40x5,A36,-0.738981,0.738981,25.5333,0.725139,0.725139,26.3
00100200,beam,M200,L40x5,A36,-0.738981,-0.738981,25.5333,-0.725139,0.725139,26.3
00100201,beam,M201,L110x10,A36,-0.806389,-0.806389,21.8,-0.766667,-0.766667,24.0
00100202,beam,M202,L110x10,A36,0.806389,-0.806389,21.8,0.766667,-0.766667,24.0
00100203,beam,M203,L110x10,A36,0.806389,0.806389,21.8,0.766667,0.766667,24.0
00100204,beam,M204,L110x10,A36,-0.806389,0.806389,21.8,-0.766667,0.766667,24.0
00100205,beam,M205,L40x4,A36,-0.766667,-0.766667,24.0,0.766667,-0.766667,24.0
00100206,beam,M206,L40x4,A36,0.766667,-0.766667,24.0,0.766667,0.766667,24.0
00100207,beam,M207,L40x4,A36,0.766667,0.766667,24.0,-0.766667,0.766667,24.0
00100208,beam,M208,L40x4,A36,-0.766667,0.766667,24.0,-0.766667,-0.766667,24.0
00100209,beam,M209,L45x5,A36,0.806389,-0.806389,21.8,-0.786528,-0.786528,22.9
00100210,beam,M210,L45x5,A36,0.806389,0.806389,21.8,0.786528,-0.786528,22.9
00100211,beam,M211,L45x5,A36,-0.806389,0.806389,21.8,0.786528,0.786528,22.9
00100212,beam,M212,L45x5,A36,-0.806389,-0.806389,21.8,-0.786528,0.786528,22.9
00100213,beam,M213,L45x5,A36,-0.786528,-0.786528,22.9,0.766667,-0.766667,24.0
00100214,beam,M214,L45x5,A36,0.786528,-0.786528,22.9,0.766667,0.766667,24.0
00100215,beam,M215,L45x5,A36,0.786528,0.786528,22.9,-0.766667,0.766667,24.0
00100216,beam,M216,L45x5,A36,-0.786528,0.786528,22.9,-0.766667,-0.766667,24.0
00100217,beam,M217,L110x10,A36,-0.840694,-0.840694,19.9,-0.806389,-0.806389,21.8
00100218,beam,M218,L110x10,A36,0.840694,-0.840694,19.9,0.806389,-0.806389,21.8
00100219,beam,M219,L110x10,A36,0.840694,0.840694,19.9,0.806389,0.806389,21.8
00100220,beam,M220,L110x10,A36,-0.840694,0.840694,19.9,-0.806389,0.806389,21.8
00100221,beam,M221,L40x4,A36,-0.806389,-0.806389,21.8,0.806389,0.806389,21.8
00100222,beam,M222,L40x4,A36,0.806389,-0.806389,21.8,-0.806389,0.806389,21.8
00100223,beam,M223,L40x4,A36,-0.806389,-0.806389,21.8,0.806389,-0.806389,21.8
00100224,beam,M224,L40x4,A36,0.806389,-0.806389,21.8,0.806389,0.806389,21.8
00100225,beam,M225,L40x4,A36,0.806389,0.806389,21.8,-0.806389,0.806389,21.8
00100226,beam,M226,L40x4,A36,-0.806389,0.806389,21.8,-0.806389,-0.806389,21.8
00100227,beam,M227,L45x5,A36,0.840694,-0.840694,19.9,-0.823542,-0.823542,20.85
00100228,beam,M228,L45x5,A36,0.840694,0.840694,19.9,0.823542,-0.823542,20.85
00100229,beam,M229,L45x5,A36,-0.840694,0.840694,19.9,0.823542,0.823542,20.85
00100230,beam,M230,L45x5,A36,-0.840694,-0.840694,19.9,-0.823542,0.823542,20.85
00100231,beam,M231,L45x5,A36,-0.823542,-0.823542,20.85,0.806389,-0.806389,21.8
00100232,beam,M232,L45x5,A36,0.823542,-0.823542,20.85,0.806389,0.806389,21.8
00100233,beam,M233,L45x5,A36,0.823542,0.823542,20.85,-0.806389,0.806389,21.8
00100234,beam,M234,L45x5,A36,-0.823542,0.823542,20.85,-0.806389,-0.806389,21.8
00100235,beam,M235,L110x10,A36,-0.875,-0.875,18.0,-0.840694,-0.840694,19.9
00100236,beam,M236,L110x10,A36,0.875,-0.875,18.0,0.840694,-0.840694,19.9
00100237,beam,M237,L110x10,A36,0.875,0.875,18.0,0.840694,0.840694,19.9
00100238,beam,M238,L110x10,A36,-0.875,0.875,18.0,-0.840694,0.840694,19.9
00100239,beam,M239,L45x4,A36,-0.840694,-0.840694,19.9,0.840694,-0.840694,19.9
00100240,beam,M240,L45x4,A36,0.840694,-0.840694,19.9,0.840694,0.840694,19.9
00100241,beam,M241,L45x4,A36,0.840694,0.840694,19.9,-0.840694,0.840694,19.9
00100242,beam,M242,L45x4,A36,-0.840694,0.840694,19.9,-0.840694,-0.840694,19.9
00100243,beam,M243,L45x5,A36,-0.875,-0.875,18.0,0.863565,-0.863565,18.6333
00100244,beam,M244,L45x5,A36,0.875,-0.875,18.0,0.863565,0.863565,18.6333
00100245,beam,M245,L45x5,A36,0.875,0.875,18.0,-0.863565,0.863565,18.6333
00100246,beam,M246,L45x5,A36,-0.875,0.875,18.0,-0.863565,-0.863565,18.6333
00100247,beam,M247,L45x5,A36,0.863565,-0.863565,18.6333,-0.85213,-0.85213,19.2667
00100248,beam,M248,L45x5,A36,0.863565,0.863565,18.6333,0.85213,-0.85213,19.2667
00100249,beam,M249,L45x5,A36,-0.863565,0.863565,18.6333,0.85213,0.85213,19.2667
00100250,beam,M250,L45x5,A36,-0.863565,-0.863565,18.6333,-0.85213,0.85213,19.2667
00100251,beam,M251,L45x5,A36,-0.85213,-0.85213,19.2667,0.840694,-0.840694,19.9
00100252,beam,M252,L45x5,A36,0.85213,-0.85213,19.2667,0.840694,0.840694,19.9
00100253,beam,M253,L45x5,A36,0.85213,0.85213,19.2667,-0.840694,0.840694,19.9
00100254,beam,M254,L45x5,A36,-0.85213,0.85213,19.2667,-0.840694,-0.840694,19.9
00100255,beam,M255,L130x10,A36,-0.914722,-0.914722,15.8,-0.875,-0.875,18.0
00100256,beam,M256,L130x10,A36,0.914722,-0.914722,15.8,0.875,-0.875,18.0
00100257,beam,M257,L130x10,A36,0.914722,0.914722,15.8,0.875,0.875,18.0
00100258,beam,M258,L130x10,A36,-0.914722,0.914722,15.8,-0.875,0.875,18.0
00100259,beam,M259,L45x4,A36,-0.875,-0.875,18.0,0.875,-0.875,18.0
00100260,beam,M260,L45x4,A36,0.875,-0.875,18.0,0.875,0.875,18.0
00100261,beam,M261,L45x4,A36,0.875,0.875,18.0,-0.875,0.875,18.0
00100262,beam,M262,L45x4,A36,-0.875,0.875,18.0,-0.875,-0.875,18.0
00100263,beam,M263,L60x4,A36,-0.914722,-0.914722,15.8,0.894861,-0.894861,16.9
00100264,beam,M264,L60x4,A36,0.914722,-0.914722,15.8,0.894861,0.894861,16.9
00100265,beam,M265,L60x4,A36,0.914722,0.914722,15.8,-0.894861,0.894861,16.9
00100266,beam,M266,L60x4,A36,-0.914722,0.914722,15.8,-0.894861,-0.894861,16.9
00100267,beam,M267,L60x4,A36,0.894861,-0.894861,16.9,-0.875,-0.875,18.0
00100268,beam,M268,L60x4,A36,0.894861,0.894861,16.9,0.875,-0.875,18.0
00100269,beam,M269,L60x4,A36,-0.894861,0.894861,16.9,0.875,0.875,18.0
00100270,beam,M270,L60x4,A36,-0.894861,-0.894861,16.9,-0.875,0.875,18.0
00100271,beam,M271,L130x10,A36,-0.951736,-0.951736,13.75,-0.914722,-0.914722,15.8
00100272,beam,M272,L130x10,A36,0.951736,-0.951736,13.75,0.914722,-0.914722,15.8
00100273,beam,M273,L130x10,A36,0.951736,0.951736,13.75,0.914722,0.914722,15.8
00100274,beam,M274,L130x10,A36,-0.951736,0.951736,13.75,-0.914722,0.914722,15.8
00100275,beam,M275,L45x4,A36,-0.914722,-0.914722,15.8,0.914722,-0.914722,15.8
00100276,beam,M276,L45x4,A36,0.914722,-0.914722,15.8,0.914722,0.914722,15.8
00100277,beam,M277,L45x4,A36,0.914722,0.914722,15.8,-0.914722,0.914722,15.8
00100278,beam,M278,L45x4,A36,-0.914722,0.914722,15.8,-0.914722,-0.914722,15.8
00100279,beam,M279,L60x4,A36,-0.951736,-0.951736,13.75,0.933229,-0.933229,14.775
00100280,beam,M280,L60x4,A36,0.951736,-0.951736,13.75,0.933229,0.933229,14.775
00100281,beam,M281,L60x4,A36,0.951736,0.951736,13.75,-0.933229,0.933229,14.775
00100282,beam,M282,L60x4,A36,-0.951736,0.951736,13.75,-0.933229,-0.933229,14.775
00100283,beam,M283,L60x4,A36,0.933229,-0.933229,14.775,-0.914722,-0.914722,15.8
00100284,beam,M284,L60x4,A36,0.933229,0.933229,14.775,0.914722,-0.914722,15.8
00100285,beam,M285,L60x4,A36,-0.933229,0.933229,14.775,0.914722,0.914722,15.8
00100286,beam,M286,L60x4,A36,-0.933229,-0.933229,14.775,-0.914722,0.914722,15.8
00100287,beam,M287,L130x10,A36,-0.983333,-0.983333,12.0,-0.951736,-0.951736,13.75
00100288,beam,M288,L130x10,A36,0.983333,-0.983333,12.0,0.951736,-0.951736,13.75
00100289,beam,M289,L130x10,A36,0.983333,0.983333,12.0,0.951736,0.951736,13.75
00100290,beam,M290,L130x10,A36,-0.983333,0.983333,12.0,-0.951736,0.951736,13.75
00100291,beam,M291,L45x4,A36,-0.951736,-0.951736,13.75,0.951736,-0.951736,13.75
00100292,beam,M292,L45x4,A36,0.951736,-0.951736,13.75,0.951736,0.951736,13.75
00100293,beam,M293,L45x4,A36,0.951736,0.951736,13.75,-0.951736,0.951736,13.75
00100294,beam,M294,L45x4,A36,-0.951736,0.951736,13.75,-0.951736,-0.951736,13.75
00100295,beam,M295,L60x4,A36,-0.983333,-0.983333,12.0,0.967535,-0.967535,12.875
00100296,beam,M296,L60x4,A36,0.983333,-0.983333,12.0,0.967535,0.967535,12.875
00100297,beam,M297,L60x4,A36,0.983333,0.983333,12.0,-0.967535,0.967535,12.875
00100298,beam,M298,L60x4,A36,-0.983333,0.983333,12.0,-0.967535,-0.967535,12.875
00100299,beam,M299,L60x4,A36,0.967535,-0.967535,12.875,-0.951736,-0.951736,13.75
00100300,beam,M300,L60x4,A36,0.967535,0.967535,12.875,0.951736,-0.951736,13.75
00100301,beam,M301,L60x4,A36,-0.967535,0.967535,12.875,0.951736,0.951736,13.75
00100302,beam,M302,L60x4,A36,-0.967535,-0.967535,12.875,-0.951736,0.951736,13.75
00100303,beam,M303,L130x12,A36,-1.02215,-1.02215,9.85,-0.983333,-0.983333,12.0
00100304,beam,M304,L130x12,A36,1.02215,-1.02215,9.85,0.983333,-0.983333,12.0
00100305,beam,M305,L130x12,A36,1.02215,1.02215,9.85,0.983333,0.983333,12.0
00100306,beam,M306,L130x12,A36,-1.02215,1.02215,9.85,-0.983333,0.983333,12.0
00100307,beam,M307,L45x4,A36,-0.983333,-0.983333,12.0,0.983333,-0.983333,12.0
00100308,beam,M308,L45x4,A36,0.983333,-0.983333,12.0,0.983333,0.983333,12.0
00100309,beam,M309,L45x4,A36,0.983333,0.983333,12.0,-0.983333,0.983333,12.0
00100310,beam,M310,L45x4,A36,-0.983333,0.983333,12.0,-0.983333,-0.983333,12.0
00100311,beam,M311,L40x4,A36,-1.00274,-1.00274,10.925,1.00274,-1.00274,10.925
00100312,beam,M312,L40x4,A36,-1.02215,-1.02215,9.85,0.0,-1.00274,10.925
00100313,beam,M313,L40x4,A36,1.02215,-1.02215,9.85,0.0,-1.00274,10.925
00100314,beam,M314,L40x4,A36,1.00274,-1.00274,10.925,1.00274,1.00274,10.925
00100315,beam,M315,L40x4,A36,1.02215,-1.02215,9.85,1.00274,0.0,10.925
00100316,beam,M316,L40x4,A36,1.02215,1.02215,9.85,1.00274,0.0,10.925
00100317,beam,M317,L40x4,A36,1.00274,1.00274,10.925,-1.00274,1.00274,10.925
00100318,beam,M318,L40x4,A36,1.02215,1.02215,9.85,0.0,1.00274,10.925
00100319,beam,M319,L40x4,A36,-1.02215,1.02215,9.85,0.0,1.00274,10.925
00100320,beam,M320,L40x4,A36,-1.00274,1.00274,10.925,-1.00274,-1.00274,10.925
00100321,beam,M321,L40x4,A36,-1.02215,1.02215,9.85,-1.00274,0.0,10.925
00100322,beam,M322,L40x4,A36,-1.02215,-1.02215,9.85,-1.00274,0.0,10.925
00100323,beam,M323,L40x4,A36,0.0,-1.00274,10.925,-0.983333,-0.983333,12.0
00100324,beam,M324,L40x4,A36,0.0,-1.00274,10.925,0.983333,-0.983333,12.0
00100325,beam,M325,L40x4,A36,1.00274,0.0,10.925,0.983333,-0.983333,12.0
00100326,beam,M326,L40x4,A36,1.00274,0.0,10.925,0.983333,0.983333,12.0
00100327,beam,M327,L40x4,A36,0.0,1.00274,10.925,0.983333,0.983333,12.0
00100328,beam,M328,L40x4,A36,0.0,1.00274,10.925,-0.983333,0.983333,12.0
00100329,beam,M329,L40x4,A36,-1.00274,0.0,10.925,-0.983333,0.983333,12.0
00100330,beam,M330,L40x4,A36,-1.00274,0.0,10.925,-0.983333,-0.983333,12.0
00100331,beam,M331,L130x12,A36,-1.05826,-1.05826,7.85,-1.02215,-1.02215,9.85
00100332,beam,M332,L130x12,A36,1.05826,-1.05826,7.85,1.02215,-1.02215,9.85
00100333,beam,M333,L130x12,A36,1.05826,1.05826,7.85,1.02215,1.02215,9.85
00100334,beam,M334,L130x12,A36,-1.05826,1.05826,7.85,-1.02215,1.02215,9.85
00100335,beam,M335,L40x4,A36,-1.04021,-1.04021,8.85,1.04021,-1.04021,8.85
00100336,beam,M336,L40x4,A36,-1.05826,-1.05826,7.85,0.0,-1.04021,8.85
00100337,beam,M337,L40x4,A36,1.05826,-1.05826,7.85,0.0,-1.04021,8.85
00100338,beam,M338,L40x4,A36,1.04021,-1.04021,8.85,1.04021,1.04021,8.85
00100339,beam,M339,L40x4,A36,1.05826,-1.05826,7.85,1.04021,0.0,8.85
00100340,beam,M340,L40x4,A36,1.05826,1.05826,7.85,1.04021,0.0,8.85
00100341,beam,M341,L40x4,A36,1.04021,1.04021,8.85,-1.04021,1.04021,8.85
00100342,beam,M342,L40x4,A36,1.05826,1.05826,7.85,0.0,1.04021,8.85
00100343,beam,M343,L40x4,A36,-1.05826,1.05826,7.85,0.0,1.04021,8.85
00100344,beam,M344,L40x4,A36,-1.04021,1.04021,8.85,-1.04021,-1.04021,8.85
00100345,beam,M345,L40x4,A36,-1.05826,1.05826,7.85,-1.04021,0.0,8.85
00100346,beam,M346,L40x4,A36,-1.05826,-1.05826,7.85,-1.04021,0.0,8.85
00100347,beam,M347,L40x4,A36,0.0,-1.04021,8.85,-1.02215,-1.02215,9.85
00100348,beam,M348,L40x4,A36,0.0,-1.04021,8.85,1.02215,-1.02215,9.85
00100349,beam,M349,L40x4,A36,1.04021,0.0,8.85,1.02215,-1.02215,9.85
00100350,beam,M350,L40x4,A36,1.04021,0.0,8.85,1.02215,1.02215,9.85
00100351,beam,M351,L40x4,A36,0.0,1.04021,8.85,1.02215,1.02215,9.85
00100352,beam,M352,L40x4,A36,0.0,1.04021,8.85,-1.02215,1.02215,9.85
00100353,beam,M353,L40x4,A36,-1.04021,0.0,8.85,-1.02215,1.02215,9.85
00100354,beam,M354,L40x4,A36,-1.04021,0.0,8.85,-1.02215,-1.02215,9.85
00100355,beam,M355,L130x12,A36,-1.09167,-1.09167,6.0,-1.05826,-1.05826,7.85
00100356,beam,M356,L130x12,A36,1.09167,-1.09167,6.0,1.05826,-1.05826,7.85
00100357,beam,M357,L130x12,A36,1.09167,1.09167,6.0,1.05826,1.05826,7.85
00100358,beam,M358,L130x12,A36,-1.09167,1.09167,6.0,-1.05826,1.05826,7.85
00100359,beam,M359,L40x4,A36,-1.07497,-1.07497,6.925,1.07497,-1.07497,6.925
00100360,beam,M360,L40x4,A36,-1.09167,-1.09167,6.0,0.0,-1.07497,6.925
00100361,beam,M361,L40x4,A36,1.09167,-1.09167,6.0,0.0,-1.07497,6.925
00100362,beam,M362,L40x4,A36,1.07497,-1.07497,6.925,1.07497,1.07497,6.925
00100363,beam,M363,L40x4,A36,1.09167,-1.09167,6.0,1.07497,0.0,6.925
00100364,beam,M364,L40x4,A36,1.09167,1.09167,6.0,1.07497,0.0,6.925
00100365,beam,M365,L40x4,A36,1.07497,1.07497,6.925,-1.07497,1.07497,6.925
00100366,beam,M366,L40x4,A36,1.09167,1.09167,6.0,0.0,1.07497,6.925
00100367,beam,M367,L40x4,A36,-1.09167,1.09167,6.0,0.0,1.07497,6.925
00100368,beam,M368,L40x4,A36,-1.07497,1.07497,6.925,-1.07497,-1.07497,6.925
00100369,beam,M369,L40x4,A36,-1.09167,1.09167,6.0,-1.07497,0.0,6.925
00100370,beam,M370,L40x4,A36,-1.09167,-1.09167,6.0,-1.07497,0.0,6.925
00100371,beam,M371,L40x4,A36,0.0,-1.07497,6.925,-1.05826,-1.05826,7.85
00100372,beam,M372,L40x4,A36,0.0,-1.07497,6.925,1.05826,-1.05826,7.85
00100373,beam,M373,L40x4,A36,1.07497,0.0,6.925,1.05826,-1.05826,7.85
00100374,beam,M374,L40x4,A36,1.07497,0.0,6.925,1.05826,1.05826,7.85
00100375,beam,M375,L40x4,A36,0.0,1.07497,6.925,1.05826,1.05826,7.85
00100376,beam,M376,L40x4,A36,0.0,1.07497,6.925,-1.05826,1.05826,7.85
00100377,beam,M377,L40x4,A36,-1.07497,0.0,6.925,-1.05826,1.05826,7.85
00100378,beam,M378,L40x4,A36,-1.07497,0.0,6.925,-1.05826,-1.05826,7.85
00100379,beam,M379,L140x12,A36,-1.13139,-1.13139,3.8,-1.09167,-1.09167,6.0
00100380,beam,M380,L140x12,A36,1.13139,-1.13139,3.8,1.09167,-1.09167,6.0
00100381,beam,M381,L140x12,A36,1.13139,1.13139,3.8,1.09167,1.09167,6.0
00100382,beam,M382,L140x12,A36,-1.13139,1.13139,3.8,-1.09167,1.09167,6.0
00100383,beam,M383,L40x4,A36,-1.11153,-1.11153,4.9,1.11153,-1.11153,4.9
00100384,beam,M384,L40x4,A36,-1.13139,-1.13139,3.8,0.0,-1.11153,4.9
00100385,beam,M385,L40x4,A36,1.13139,-1.13139,3.8,0.0,-1.11153,4.9
00100386,beam,M386,L40x4,A36,1.11153,-1.11153,4.9,1.11153,1.11153,4.9
00100387,beam,M387,L40x4,A36,1.13139,-1.13139,3.8,1.11153,0.0,4.9
00100388,beam,M388,L40x4,A36,1.13139,1.13139,3.8,1.11153,0.0,4.9
00100389,beam,M389,L40x4,A36,1.11153,1.11153,4.9,-1.11153,1.11153,4.9
00100390,beam,M390,L40x4,A36,1.13139,1.13139,3.8,0.0,1.11153,4.9
00100391,beam,M391,L40x4,A36,-1.13139,1.13139,3.8,0.0,1.11153,4.9
00100392,beam,M392,L40x4,A36,-1.11153,1.11153,4.9,-1.11153,-1.11153,4.9
00100393,beam,M393,L40x4,A36,-1.13139,1.13139,3.8,-1.11153,0.0,4.9
00100394,beam,M394,L40x4,A36,-1.13139,-1.13139,3.8,-1.11153,0.0,4.9
00100395,beam,M395,L40x4,A36,0.0,-1.11153,4.9,-1.09167,-1.09167,6.0
00100396,beam,M396,L40x4,A36,0.0,-1.11153,4.9,1.09167,-1.09167,6.0
00100397,beam,M397,L40x4,A36,1.11153,0.0,4.9,1.09167,-1.09167,6.0
00100398,beam,M398,L40x4,A36,1.11153,0.0,4.9,1.09167,1.09167,6.0
00100399,beam,M399,L40x4,A36,0.0,1.11153,4.9,1.09167,1.09167,6.0
00100400,beam,M400,L40x4,A36,0.0,1.11153,4.9,-1.09167,1.09167,6.0
00100401,beam,M401,L40x4,A36,-1.11153,0.0,4.9,-1.09167,1.09167,6.0
00100402,beam,M402,L40x4,A36,-1.11153,0.0,4.9,-1.09167,-1.09167,6.0
00100403,beam,M403,L140x12,A36,-1.16569,-1.16569,1.9,-1.13139,-1.13139,3.8
00100404,beam,M404,L140x12,A36,1.16569,-1.16569,1.9,1.13139,-1.13139,3.8
00100405,beam,M405,L140x12,A36,1.16569,1.16569,1.9,1.13139,1.13139,3.8
00100406,beam,M406,L140x12,A36,-1.16569,1.16569,1.9,-1.13139,1.13139,3.8
00100407,beam,M407,L40x4,A36,-1.14854,-1.14854,2.85,1.14854,-1.14854,2.85
00100408,beam,M408,L45x4,A36,-1.16569,-1.16569,1.9,0.0,-1.14854,2.85
00100409,beam,M409,L45x4,A36,1.16569,-1.16569,1.9,0.0,-1.14854,2.85
00100410,beam,M410,L40x4,A36,1.14854,-1.14854,2.85,1.14854,1.14854,2.85
00100411,beam,M411,L45x4,A36,1.16569,-1.16569,1.9,1.14854,0.0,2.85
00100412,beam,M412,L45x4,A36,1.16569,1.16569,1.9,1.14854,0.0,2.85
00100413,beam,M413,L40x4,A36,1.14854,1.14854,2.85,-1.14854,1.14854,2.85
00100414,beam,M414,L45x4,A36,1.16569,1.16569,1.9,0.0,1.14854,2.85
00100415,beam,M415,L45x4,A36,-1.16569,1.16569,1.9,0.0,1.14854,2.85
00100416,beam,M416,L40x4,A36,-1.14854,1.14854,2.85,-1.14854,-1.14854,2.85
00100417,beam,M417,L45x4,A36,-1.16569,1.16569,1.9,-1.14854,0.0,2.85
00100418,beam,M418,L45x4,A36,-1.16569,-1.16569,1.9,-1.14854,0.0,2.85
00100419,beam,M419,L40x4,A36,0.0,-1.14854,2.85,1.14854,0.0,2.85
00100420,beam,M420,L40x4,A36,1.14854,0.0,2.85,0.0,1.14854,2.85
00100421,beam,M421,L40x4,A36,0.0,1.14854,2.85,-1.14854,0.0,2.85
00100422,beam,M422,L40x4,A36,-1.14854,0.0,2.85,0.0,-1.14854,2.85
00100423,beam,M423,L40x4,A36,0.0,-1.14854,2.85,0.0,1.14854,2.85
00100424,beam,M424,L45x4,A36,0.0,-1.14854,2.85,-1.13139,-1.13139,3.8
00100425,beam,M425,L45x4,A36,0.0,-1.14854,2.85,1.13139,-1.13139,3.8
00100426,beam,M426,L45x4,A36,1.14854,0.0,2.85,1.13139,-1.13139,3.8
00100427,beam,M427,L45x4,A36,1.14854,0.0,2.85,1.13139,1.13139,3.8
00100428,beam,M428,L45x4,A36,0.0,1.14854,2.85,1.13139,1.13139,3.8
00100429,beam,M429,L45x4,A36,0.0,1.14854,2.85,-1.13139,1.13139,3.8
00100430,beam,M430,L45x4,A36,-1.14854,0.0,2.85,-1.13139,1.13139,3.8
00100431,beam,M431,L45x4,A36,-1.14854,0.0,2.85,-1.13139,-1.13139,3.8
00100432,beam,M432,L140x12,A36,-1.2,-1.2,0.0,-1.16569,-1.16569,1.9
00100433,beam,M433,L140x12,A36,1.2,-1.2,0.0,1.16569,-1.16569,1.9
00100434,beam,M434,L140x12,A36,1.2,1.2,0.0,1.16569,1.16569,1.9
00100435,beam,M435,L140x12,A36,-1.2,1.2,0.0,-1.16569,1.16569,1.9
00100436,beam,M436,L40x4,A36,-1.18285,-1.18285,0.95,1.18285,-1.18285,0.95
00100437,beam,M437,L45x4,A36,-1.2,-1.2,0.0,0.0,-1.18285,0.95
00100438,beam,M438,L45x4,A36,1.2,-1.2,0.0,0.0,-1.18285,0.95
00100439,beam,M439,L40x4,A36,1.18285,-1.18285,0.95,1.18285,1.18285,0.95
00100440,beam,M440,L45x4,A36,1.2,-1.2,0.0,1.18285,0.0,0.95
00100441,beam,M441,L45x4,A36,1.2,1.2,0.0,1.18285,0.0,0.95
00100442,beam,M442,L40x4,A36,1.18285,1.18285,0.95,-1.18285,1.18285,0.95
00100443,beam,M443,L45x4,A36,1.2,1.2,0.0,0.0,1.18285,0.95
00100444,beam,M444,L45x4,A36,-1.2,1.2,0.0,0.0,1.18285,0.95
00100445,beam,M445,L40x4,A36,-1.18285,1.18285,0.95,-1.18285,-1.18285,0.95
00100446,beam,M446,L45x4,A36,-1.2,1.2,0.0,-1.18285,0.0,0.95
00100447,beam,M447,L45x4,A36,-1.2,-1.2,0.0,-1.18285,0.0,0.95
00100448,beam,M448,L45x4,A36,0.0,-1.18285,0.95,-1.16569,-1.16569,1.9
00100449,beam,M449,L45x4,A36,0.0,-1.18285,0.95,1.16569,-1.16569,1.9
00100450,beam,M450,L45x4,A36,1.18285,0.0,0.95,1.16569,-1.16569,1.9
00100451,beam,M451,L45x4,A36,1.18285,0.0,0.95,1.16569,1.16569,1.9
00100452,beam,M452,L45x4,A36,0.0,1.18285,0.95,1.16569,1.16569,1.9
00100453,beam,M453,L45x4,A36,0.0,1.18285,0.95,-1.16569,1.16569,1.9
00100454,beam,M454,L45x4,A36,-1.18285,0.0,0.95,-1.16569,1.16569,1.9
00100455,beam,M455,L45x4,A36,-1.18285,0.0,0.95,-1.16569,-1.16569,1.9
