MemberID,MemberType,Section,HoleNumber,HoleCenterX,HoleCenterY,HoleCenterZ,NormalX,NormalY,NormalZ,ConnectedLegID,Radius,Depth
100005,horizontal,L40x4,1,-0.5061593795664341,-0.5061593795664341,48.0,-0.7071067811865476,0.7071067811865476,0.0,100001,0.006,0.05
100005,horizontal,L40x4,2,0.5061593795664341,0.5061593795664341,48.0,-0.7071067811865476,0.7071067811865476,0.0,100003,0.006,0.05
100006,horizontal,L40x4,1,0.5061593795664341,-0.5061593795664341,48.0,-0.7071067811865476,-0.7071067811865476,0.0,100002,0.006,0.05
100006,horizontal,L40x4,2,-0.5061593795664341,0.5061593795664341,48.0,-0.7071067811865476,-0.7071067811865476,0.0,100004,0.006,0.05
100007,horizontal,L40x4,1,-0.48800000000000004,-0.55,48.0,0.0,1.0,0.0,100001,0.006,0.05
100007,horizontal,L40x4,2,0.48800000000000004,-0.55,48.0,0.0,1.0,0.0,100002,0.006,0.05
100008,horizontal,L40x4,1,0.55,-0.48800000000000004,48.0,-1.0,0.0,0.0,100002,0.006,0.05
100008,horizontal,L40x4,2,0.55,0.48800000000000004,48.0,-1.0,0.0,0.0,100003,0.006,0.05
100009,horizontal,L40x4,1,0.48800000000000004,0.55,48.0,0.0,-1.0,0.0,100003,0.006,0.05
100009,horizontal,L40x4,2,-0.48800000000000004,0.55,48.0,0.0,-1.0,0.0,100004,0.006,0.05
100010,horizontal,L40x4,1,-0.55,0.48800000000000004,48.0,1.0,0.0,-0.0,100004,0.006,0.05
100010,horizontal,L40x4,2,-0.55,-0.48800000000000004,48.0,1.0,0.0,-0.0,100001,0.006,0.05
100023,horizontal,L40x4,1,-0.48800000000000004,-0.55,45.85,0.0,1.0,0.0,100001,0.006,0.05
100023,horizontal,L40x4,2,0.48800000000000004,-0.55,45.85,0.0,1.0,0.0,100002,0.006,0.05
100024,horizontal,L40x4,1,0.55,-0.48800000000000004,45.85,-1.0,0.0,0.0,100002,0.006,0.05
100024,horizontal,L40x4,2,0.55,0.48800000000000004,45.85,-1.0,0.0,0.0,100003,0.006,0.05
100025,horizontal,L40x4,1,0.48800000000000004,0.55,45.85,0.0,-1.0,0.0,100003,0.006,0.05
100025,horizontal,L40x4,2,-0.48800000000000004,0.55,45.85,0.0,-1.0,0.0,100004,0.006,0.05
100026,horizontal,L40x4,1,-0.55,0.48800000000000004,45.85,1.0,0.0,-0.0,100004,0.006,0.05
100026,horizontal,L40x4,2,-0.55,-0.48800000000000004,45.85,1.0,0.0,-0.0,100001,0.006,0.05
100039,horizontal,L40x4,1,-0.48800000000000004,-0.55,43.7,0.0,1.0,0.0,100019,0.006,0.05
100039,horizontal,L40x4,2,0.48800000000000004,-0.55,43.7,0.0,1.0,0.0,100020,0.006,0.05
100040,horizontal,L40x4,1,0.55,-0.48800000000000004,43.7,-1.0,0.0,0.0,100020,0.006,0.05
100040,horizontal,L40x4,2,0.55,0.48800000000000004,43.7,-1.0,0.0,0.0,100021,0.006,0.05
100041,horizontal,L40x4,1,0.48800000000000004,0.55,43.7,0.0,-1.0,0.0,100021,0.006,0.05
100041,horizontal,L40x4,2,-0.48800000000000004,0.55,43.7,0.0,-1.0,0.0,100022,0.006,0.05
100042,horizontal,L40x4,1,-0.55,0.48800000000000004,43.7,1.0,0.0,-0.0,100022,0.006,0.05
100042,horizontal,L40x4,2,-0.55,-0.48800000000000004,43.7,1.0,0.0,-0.0,100019,0.006,0.05
100055,horizontal,L40x4,1,-0.48800000000000004,-0.55,41.55,0.0,1.0,0.0,100051,0.006,0.05
100055,horizontal,L40x4,2,0.48800000000000004,-0.55,41.55,0.0,1.0,0.0,100052,0.006,0.05
100056,horizontal,L40x4,1,0.55,-0.48800000000000004,41.55,-1.0,0.0,0.0,100052,0.006,0.05
100056,horizontal,L40x4,2,0.55,0.48800000000000004,41.55,-1.0,0.0,0.0,100053,0.006,0.05
100057,horizontal,L40x4,1,0.48800000000000004,0.55,41.55,0.0,-1.0,0.0,100053,0.006,0.05
100057,horizontal,L40x4,2,-0.48800000000000004,0.55,41.55,0.0,-1.0,0.0,100054,0.006,0.05
100058,horizontal,L40x4,1,-0.55,0.48800000000000004,41.55,1.0,0.0,-0.0,100054,0.006,0.05
100058,horizontal,L40x4,2,-0.55,-0.48800000000000004,41.55,1.0,0.0,-0.0,100051,0.006,0.05
100071,horizontal,L40x4,1,-0.48800000000000004,-0.55,39.5,0.0,1.0,0.0,100067,0.006,0.05
100071,horizontal,L40x4,2,0.48800000000000004,-0.55,39.5,0.0,1.0,0.0,100068,0.006,0.05
100072,horizontal,L40x4,1,0.55,-0.48800000000000004,39.5,-1.0,0.0,0.0,100068,0.006,0.05
100072,horizontal,L40x4,2,0.55,0.48800000000000004,39.5,-1.0,0.0,0.0,100069,0.006,0.05
100073,horizontal,L40x4,1,0.48800000000000004,0.55,39.5,0.0,-1.0,0.0,100069,0.006,0.05
100073,horizontal,L40x4,2,-0.48800000000000004,0.55,39.5,0.0,-1.0,0.0,100070,0.006,0.05
100074,horizontal,L40x4,1,-0.55,0.48800000000000004,39.5,1.0,0.0,-0.0,100070,0.006,0.05
100074,horizontal,L40x4,2,-0.55,-0.48800000000000004,39.5,1.0,0.0,-0.0,100067,0.006,0.05
100087,horizontal,L40x4,1,-0.48800000000000004,-0.55,37.5,0.0,1.0,0.0,100083,0.006,0.05
100087,horizontal,L40x4,2,0.48800000000000004,-0.55,37.5,0.0,1.0,0.0,100084,0.006,0.05
100088,horizontal,L40x4,1,0.55,-0.48800000000000004,37.5,-1.0,0.0,0.0,100084,0.006,0.05
100088,horizontal,L40x4,2,0.55,0.48800000000000004,37.5,-1.0,0.0,0.0,100085,0.006,0.05
100089,horizontal,L40x4,1,0.48800000000000004,0.55,37.5,0.0,-1.0,0.0,100085,0.006,0.05
100089,horizontal,L40x4,2,-0.48800000000000004,0.55,37.5,0.0,-1.0,0.0,100086,0.006,0.05
100090,horizontal,L40x4,1,-0.55,0.48800000000000004,37.5,1.0,0.0,-0.0,100086,0.006,0.05
100090,horizontal,L40x4,2,-0.55,-0.48800000000000004,37.5,1.0,0.0,-0.0,100083,0.006,0.05
100103,horizontal,L40x4,1,-0.5061593795664341,-0.5061593795664341,36.0,-0.7071067811865476,0.7071067811865476,0.0,100083,0.006,0.05
100103,horizontal,L40x4,2,0.5061593795664341,0.5061593795664341,36.0,-0.7071067811865476,0.7071067811865476,0.0,100085,0.006,0.05
100104,horizontal,L40x4,1,0.5061593795664341,-0.5061593795664341,36.0,-0.7071067811865476,-0.7071067811865476,0.0,100084,0.006,0.05
100104,horizontal,L40x4,2,-0.5061593795664341,0.5061593795664341,36.0,-0.7071067811865476,-0.7071067811865476,0.0,100086,0.006,0.05
100105,horizontal,L40x4,1,-0.48800000000000004,-0.55,36.0,0.0,1.0,0.0,100083,0.006,0.05
100105,horizontal,L40x4,2,0.48800000000000004,-0.55,36.0,0.0,1.0,0.0,100084,0.006,0.05
100106,horizontal,L40x4,1,0.55,-0.48800000000000004,36.0,-1.0,0.0,0.0,100084,0.006,0.05
100106,horizontal,L40x4,2,0.55,0.48800000000000004,36.0,-1.0,0.0,0.0,100085,0.006,0.05
100107,horizontal,L40x4,1,0.48800000000000004,0.55,36.0,0.0,-1.0,0.0,100085,0.006,0.05
100107,horizontal,L40x4,2,-0.48800000000000004,0.55,36.0,0.0,-1.0,0.0,100086,0.006,0.05
100108,horizontal,L40x4,1,-0.55,0.48800000000000004,36.0,1.0,0.0,-0.0,100086,0.006,0.05
100108,horizontal,L40x4,2,-0.55,-0.48800000000000004,36.0,1.0,0.0,-0.0,100083,0.006,0.05
100121,horizontal,L40x4,1,-0.5186250000000001,-0.5906250000000001,33.75,0.0,0.9998370373220766,-0.018052667365580158,100117,0.006,0.05
100121,horizontal,L40x4,2,0.5186250000000001,-0.5906250000000001,33.75,0.0,0.9998370373220766,-0.018052667365580158,100118,0.006,0.05
100122,horizontal,L40x4,1,0.5906250000000001,-0.5186250000000001,33.75,-0.9998370373220766,0.0,-0.018052667365580158,100118,0.006,0.05
100122,horizontal,L40x4,2,0.5906250000000001,0.5186250000000001,33.75,-0.9998370373220766,0.0,-0.018052667365580158,100119,0.006,0.05
100123,horizontal,L40x4,1,0.5186250000000001,0.5906250000000001,33.75,-0.0,-0.9998370373220766,-0.018052667365580158,100119,0.006,0.05
100123,horizontal,L40x4,2,-0.5186250000000001,0.5906250000000001,33.75,-0.0,-0.9998370373220766,-0.018052667365580158,100120,0.006,0.05
100124,horizontal,L40x4,1,-0.5906250000000001,0.5186250000000001,33.75,0.9998370373220766,0.0,-0.018052667365580158,100120,0.006,0.05
100124,horizontal,L40x4,2,-0.5906250000000001,-0.5186250000000001,33.75,0.9998370373220766,0.0,-0.018052667365580158,100117,0.006,0.05
100137,horizontal,L40x4,1,-0.555639,-0.627639,31.7,0.0,0.9998370430182859,-0.018052351881413697,100133,0.006,0.05
100137,horizontal,L40x4,2,0.555639,-0.627639,31.7,0.0,0.9998370430182859,-0.018052351881413697,100134,0.006,0.05
100138,horizontal,L40x4,1,0.627639,-0.555639,31.7,-0.9998370430182859,0.0,-0.018052351881413697,100134,0.006,0.05
100138,horizontal,L40x4,2,0.627639,0.555639,31.7,-0.9998370430182859,0.0,-0.018052351881413697,100135,0.006,0.05
100139,horizontal,L40x4,1,0.555639,0.627639,31.7,-0.0,-0.9998370430182859,-0.018052351881413697,100135,0.006,0.05
100139,horizontal,L40x4,2,-0.555639,0.627639,31.7,-0.0,-0.9998370430182859,-0.018052351881413697,100136,0.006,0.05
100140,horizontal,L40x4,1,-0.627639,0.555639,31.7,0.9998370430182859,0.0,-0.018052351881413697,100136,0.006,0.05
100140,horizontal,L40x4,2,-0.627639,-0.555639,31.7,0.9998370430182859,0.0,-0.018052351881413697,100133,0.006,0.05
100153,horizontal,L40x4,1,-0.586333,-0.658333,30.0,0.0,0.9998370430182859,-0.018052351881413697,100133,0.006,0.05
100153,horizontal,L40x4,2,0.586333,-0.658333,30.0,0.0,0.9998370430182859,-0.018052351881413697,100134,0.006,0.05
100154,horizontal,L40x4,1,0.658333,-0.586333,30.0,-0.9998370430182859,0.0,-0.018052351881413697,100134,0.006,0.05
100154,horizontal,L40x4,2,0.658333,0.586333,30.0,-0.9998370430182859,0.0,-0.018052351881413697,100135,0.006,0.05
100155,horizontal,L40x4,1,0.586333,0.658333,30.0,-0.0,-0.9998370430182859,-0.018052351881413697,100135,0.006,0.05
100155,horizontal,L40x4,2,-0.586333,0.658333,30.0,-0.0,-0.9998370430182859,-0.018052351881413697,100136,0.006,0.05
100156,horizontal,L40x4,1,-0.658333,0.586333,30.0,0.9998370430182859,0.0,-0.018052351881413697,100136,0.006,0.05
100156,horizontal,L40x4,2,-0.658333,-0.586333,30.0,0.9998370430182859,0.0,-0.018052351881413697,100133,0.006,0.05
100169,horizontal,L40x4,1,-0.610639,-0.692639,28.1,0.0,0.9998370383002207,-0.01805261319153174,100165,0.006,0.05
100169,horizontal,L40x4,2,0.610639,-0.692639,28.1,0.0,0.9998370383002207,-0.01805261319153174,100166,0.006,0.05
100170,horizontal,L40x4,1,0.692639,-0.610639,28.1,-0.9998370383002207,0.0,-0.01805261319153174,100166,0.006,0.05
100170,horizontal,L40x4,2,0.692639,0.610639,28.1,-0.9998370383002207,0.0,-0.01805261319153174,100167,0.006,0.05
100171,horizontal,L40x4,1,0.610639,0.692639,28.1,-0.0,-0.9998370383002207,-0.01805261319153174,100167,0.006,0.05
100171,horizontal,L40x4,2,-0.610639,0.692639,28.1,-0.0,-0.9998370383002207,-0.01805261319153174,100168,0.006,0.05
100172,horizontal,L40x4,1,-0.692639,0.610639,28.1,0.9998370383002207,0.0,-0.01805261319153174,100168,0.006,0.05
100172,horizontal,L40x4,2,-0.692639,-0.610639,28.1,0.9998370383002207,0.0,-0.01805261319153174,100165,0.006,0.05
100185,horizontal,L40x4,1,-0.643139,-0.725139,26.3,0.0,0.9998370383002207,-0.01805261319153174,100165,0.006,0.05
100185,horizontal,L40x4,2,0.643139,-0.725139,26.3,0.0,0.9998370383002207,-0.01805261319153174,100166,0.006,0.05
100186,horizontal,L40x4,1,0.725139,-0.643139,26.3,-0.9998370383002207,0.0,-0.01805261319153174,100166,0.006,0.05
100186,horizontal,L40x4,2,0.725139,0.643139,26.3,-0.9998370383002207,0.0,-0.01805261319153174,100167,0.006,0.05
100187,horizontal,L40x4,1,0.643139,0.725139,26.3,-0.0,-0.9998370383002207,-0.01805261319153174,100167,0.006,0.05
100187,horizontal,L40x4,2,-0.643139,0.725139,26.3,-0.0,-0.9998370383002207,-0.01805261319153174,100168,0.006,0.05
100188,horizontal,L40x4,1,-0.725139,0.643139,26.3,0.9998370383002207,0.0,-0.01805261319153174,100168,0.006,0.05
100188,horizontal,L40x4,2,-0.725139,-0.643139,26.3,0.9998370383002207,0.0,-0.01805261319153174,100165,0.006,0.05
100205,horizontal,L40x4,1,-0.674667,-0.766667,24.0,0.0,0.9998370401231177,-0.018052512230804788,100201,0.006,0.05
100205,horizontal,L40x4,2,0.674667,-0.766667,24.0,0.0,0.9998370401231177,-0.018052512230804788,100202,0.006,0.05
100206,horizontal,L40x4,1,0.766667,-0.674667,24.0,-0.9998370401231177,0.0,-0.018052512230804788,100202,0.006,0.05
100206,horizontal,L40x4,2,0.766667,0.674667,24.0,-0.9998370401231177,0.0,-0.018052512230804788,100203,0.006,0.05
100207,horizontal,L40x4,1,0.674667,0.766667,24.0,-0.0,-0.9998370401231177,-0.018052512230804788,100203,0.006,0.05
100207,horizontal,L40x4,2,-0.674667,0.766667,24.0,-0.0,-0.9998370401231177,-0.018052512230804788,100204,0.006,0.05
100208,horizontal,L40x4,1,-0.766667,0.674667,24.0,0.9998370401231177,0.0,-0.018052512230804788,100204,0.006,0.05
100208,horizontal,L40x4,2,-0.766667,-0.674667,24.0,0.9998370401231177,0.0,-0.018052512230804788,100201,0.006,0.05
100221,horizontal,L40x4,1,-0.7413351761308377,-0.7413351761308377,21.8,-0.7071067811865476,0.7071067811865476,0.0,100217,0.006,0.05
100221,horizontal,L40x4,2,0.7413351761308377,0.7413351761308377,21.8,-0.7071067811865476,0.7071067811865476,0.0,100219,0.006,0.05
100222,horizontal,L40x4,1,0.7413351761308377,-0.7413351761308377,21.8,-0.7071067811865476,-0.7071067811865476,0.0,100218,0.006,0.05
100222,horizontal,L40x4,2,-0.7413351761308377,0.7413351761308377,21.8,-0.7071067811865476,-0.7071067811865476,0.0,100220,0.006,0.05
100223,horizontal,L40x4,1,-0.714389,-0.806389,21.8,0.0,0.9998370435769997,-0.018052320936794194,100217,0.006,0.05
100223,horizontal,L40x4,2,0.714389,-0.806389,21.8,0.0,0.9998370435769997,-0.018052320936794194,100218,0.006,0.05
100224,horizontal,L40x4,1,0.806389,-0.714389,21.8,-0.9998370435769997,0.0,-0.018052320936794194,100218,0.006,0.05
100224,horizontal,L40x4,2,0.806389,0.714389,21.8,-0.9998370435769997,0.0,-0.018052320936794194,100219,0.006,0.05
100225,horizontal,L40x4,1,0.714389,0.806389,21.8,-0.0,-0.9998370435769997,-0.018052320936794194,100219,0.006,0.05
100225,horizontal,L40x4,2,-0.714389,0.806389,21.8,-0.0,-0.9998370435769997,-0.018052320936794194,100220,0.006,0.05
100226,horizontal,L40x4,1,-0.806389,0.714389,21.8,0.9998370435769997,0.0,-0.018052320936794194,100220,0.006,0.05
100226,horizontal,L40x4,2,-0.806389,-0.714389,21.8,0.9998370435769997,0.0,-0.018052320936794194,100217,0.006,0.05
100239,horizontal,L45x4,1,-0.7486940000000001,-0.840694,19.9,0.0,0.9998370435769997,-0.018052320936794194,100217,0.006,0.05
100239,horizontal,L45x4,2,0.7486940000000001,-0.840694,19.9,0.0,0.9998370435769997,-0.018052320936794194,100218,0.006,0.05
100240,horizontal,L45x4,1,0.840694,-0.7486940000000001,19.9,-0.9998370435769997,0.0,-0.018052320936794194,100218,0.006,0.05
100240,horizontal,L45x4,2,0.840694,0.7486940000000001,19.9,-0.9998370435769997,0.0,-0.018052320936794194,100219,0.006,0.05
100241,horizontal,L45x4,1,0.7486940000000001,0.840694,19.9,-0.0,-0.9998370435769997,-0.018052320936794194,100219,0.006,0.05
100241,horizontal,L45x4,2,-0.7486940000000001,0.840694,19.9,-0.0,-0.9998370435769997,-0.018052320936794194,100220,0.006,0.05
100242,horizontal,L45x4,1,-0.840694,0.7486940000000001,19.9,0.9998370435769997,0.0,-0.018052320936794194,100220,0.006,0.05
100242,horizontal,L45x4,2,-0.840694,-0.7486940000000001,19.9,0.9998370435769997,0.0,-0.018052320936794194,100217,0.006,0.05
100259,horizontal,L45x4,1,-0.783,-0.875,18.0,0.0,0.9998370340787361,-0.01805284699531847,100235,0.006,0.05
100259,horizontal,L45x4,2,0.783,-0.875,18.0,0.0,0.9998370340787361,-0.01805284699531847,100236,0.006,0.05
100260,horizontal,L45x4,1,0.875,-0.783,18.0,-0.9998370340787361,0.0,-0.01805284699531847,100236,0.006,0.05
100260,horizontal,L45x4,2,0.875,0.783,18.0,-0.9998370340787361,0.0,-0.01805284699531847,100237,0.006,0.05
100261,horizontal,L45x4,1,0.783,0.875,18.0,-0.0,-0.9998370340787361,-0.01805284699531847,100237,0.006,0.05
100261,horizontal,L45x4,2,-0.783,0.875,18.0,-0.0,-0.9998370340787361,-0.01805284699531847,100238,0.006,0.05
100262,horizontal,L45x4,1,-0.875,0.783,18.0,0.9998370340787361,0.0,-0.01805284699531847,100238,0.006,0.05
100262,horizontal,L45x4,2,-0.875,-0.783,18.0,0.9998370340787361,0.0,-0.01805284699531847,100235,0.006,0.05
100275,horizontal,L45x4,1,-0.802722,-0.914722,15.8,0.0,0.9998370373220766,-0.018052667365580158,100271,0.006,0.05
100275,horizontal,L45x4,2,0.802722,-0.914722,15.8,0.0,0.9998370373220766,-0.018052667365580158,100272,0.006,0.05
100276,horizontal,L45x4,1,0.914722,-0.802722,15.8,-0.9998370373220766,0.0,-0.018052667365580158,100272,0.006,0.05
100276,horizontal,L45x4,2,0.914722,0.802722,15.8,-0.9998370373220766,0.0,-0.018052667365580158,100273,0.006,0.05
100277,horizontal,L45x4,1,0.802722,0.914722,15.8,-0.0,-0.9998370373220766,-0.018052667365580158,100273,0.006,0.05
100277,horizontal,L45x4,2,-0.802722,0.914722,15.8,-0.0,-0.9998370373220766,-0.018052667365580158,100274,0.006,0.05
100278,horizontal,L45x4,1,-0.914722,0.802722,15.8,0.9998370373220766,0.0,-0.018052667365580158,100274,0.006,0.05
100278,horizontal,L45x4,2,-0.914722,-0.802722,15.8,0.9998370373220766,0.0,-0.018052667365580158,100271,0.006,0.05
100291,horizontal,L45x4,1,-0.839736,-0.9517359999999999,13.75,0.0,0.999837040591861,-0.01805248626947487,100287,0.006,0.05
100291,horizontal,L45x4,2,0.839736,-0.9517359999999999,13.75,0.0,0.999837040591861,-0.01805248626947487,100288,0.006,0.05
100292,horizontal,L45x4,1,0.9517359999999999,-0.839736,13.75,-0.999837040591861,0.0,-0.01805248626947487,100288,0.006,0.05
100292,horizontal,L45x4,2,0.9517359999999999,0.839736,13.75,-0.999837040591861,0.0,-0.01805248626947487,100289,0.006,0.05
100293,horizontal,L45x4,1,0.839736,0.9517359999999999,13.75,-0.0,-0.999837040591861,-0.01805248626947487,100289,0.006,0.05
100293,horizontal,L45x4,2,-0.839736,0.9517359999999999,13.75,-0.0,-0.999837040591861,-0.01805248626947487,100290,0.006,0.05
100294,horizontal,L45x4,1,-0.9517359999999999,0.839736,13.75,0.999837040591861,0.0,-0.01805248626947487,100290,0.006,0.05
100294,horizontal,L45x4,2,-0.9517359999999999,-0.839736,13.75,0.999837040591861,0.0,-0.01805248626947487,100287,0.006,0.05
100307,horizontal,L45x4,1,-0.8713329999999999,-0.983333,12.0,0.0,0.999837040591861,-0.01805248626947487,100287,0.006,0.05
100307,horizontal,L45x4,2,0.8713329999999999,-0.983333,12.0,0.0,0.999837040591861,-0.01805248626947487,100288,0.006,0.05
100308,horizontal,L45x4,1,0.983333,-0.8713329999999999,12.0,-0.999837040591861,0.0,-0.01805248626947487,100288,0.006,0.05
100308,horizontal,L45x4,2,0.983333,0.8713329999999999,12.0,-0.999837040591861,0.0,-0.01805248626947487,100289,0.006,0.05
100309,horizontal,L45x4,1,0.8713329999999999,0.983333,12.0,-0.0,-0.999837040591861,-0.01805248626947487,100289,0.006,0.05
100309,horizontal,L45x4,2,-0.8713329999999999,0.983333,12.0,-0.0,-0.999837040591861,-0.01805248626947487,100290,0.006,0.05
100310,horizontal,L45x4,1,-0.983333,0.8713329999999999,12.0,0.999837040591861,0.0,-0.01805248626947487,100290,0.006,0.05
100310,horizontal,L45x4,2,-0.983333,-0.8713329999999999,12.0,0.999837040591861,0.0,-0.01805248626947487,100287,0.006,0.05
100311,horizontal,L40x4,1,-0.8907414995112163,-1.0027414995112163,10.925000027072803,0.0,0.9998370588178213,-0.018051476796340112,100303,0.006,0.05
100311,horizontal,L40x4,2,0.8907414995112163,-1.0027414995112163,10.925000027072803,0.0,0.9998370588178213,-0.018051476796340112,100304,0.006,0.05
100314,horizontal,L40x4,1,1.0027414995112163,-0.8907414995112163,10.925000027072803,-0.9998370588178213,0.0,-0.018051476796340112,100304,0.006,0.05
100314,horizontal,L40x4,2,1.0027414995112163,0.8907414995112163,10.925000027072803,-0.9998370588178213,0.0,-0.018051476796340112,100305,0.006,0.05
100317,horizontal,L40x4,1,0.8907414995112163,1.0027414995112163,10.925000027072803,-0.0,-0.9998370588178213,-0.018051476796340112,100305,0.006,0.05
100317,horizontal,L40x4,2,-0.8907414995112163,1.0027414995112163,10.925000027072803,-0.0,-0.9998370588178213,-0.018051476796340112,100306,0.006,0.05
100320,horizontal,L40x4,1,-1.0027414995112163,0.8907414995112163,10.925000027072803,0.9998370588178213,0.0,-0.018051476796340112,100306,0.006,0.05
100320,horizontal,L40x4,2,-1.0027414995112163,-0.8907414995112163,10.925000027072803,0.9998370588178213,0.0,-0.018051476796340112,100303,0.006,0.05
100335,horizontal,L40x4,1,-0.9282050016293838,-1.0402050016293838,8.849999909754418,0.0,0.9998370483260276,-0.01805205790752647,100331,0.006,0.05
100335,horizontal,L40x4,2,0.9282050016293838,-1.0402050016293838,8.849999909754418,0.0,0.9998370483260276,-0.01805205790752647,100332,0.006,0.05
100338,horizontal,L40x4,1,1.0402050016293838,-0.9282050016293838,8.849999909754418,-0.9998370483260276,0.0,-0.01805205790752647,100332,0.006,0.05
100338,horizontal,L40x4,2,1.0402050016293838,0.9282050016293838,8.849999909754418,-0.9998370483260276,0.0,-0.01805205790752647,100333,0.006,0.05
100341,horizontal,L40x4,1,0.9282050016293838,1.0402050016293838,8.849999909754418,-0.0,-0.9998370483260276,-0.01805205790752647,100333,0.006,0.05
100341,horizontal,L40x4,2,-0.9282050016293838,1.0402050016293838,8.849999909754418,-0.0,-0.9998370483260276,-0.01805205790752647,100334,0.006,0.05
100344,horizontal,L40x4,1,-1.0402050016293838,0.9282050016293838,8.849999909754418,0.9998370483260276,0.0,-0.01805205790752647,100334,0.006,0.05
100344,horizontal,L40x4,2,-1.0402050016293838,-0.9282050016293838,8.849999909754418,0.9998370483260276,0.0,-0.01805205790752647,100331,0.006,0.05
100359,horizontal,L40x4,1,-0.9629650016301886,-1.0749650016301886,6.924999909732143,0.0,0.9998369678399123,-0.018056515186773738,100355,0.006,0.05
100359,horizontal,L40x4,2,0.9629650016301886,-1.0749650016301886,6.924999909732143,0.0,0.9998369678399123,-0.018056515186773738,100356,0.006,0.05
100362,horizontal,L40x4,1,1.0749650016301886,-0.9629650016301886,6.924999909732143,-0.9998369678399123,0.0,-0.018056515186773738,100356,0.006,0.05
100362,horizontal,L40x4,2,1.0749650016301886,0.9629650016301886,6.924999909732143,-0.9998369678399123,0.0,-0.018056515186773738,100357,0.006,0.05
100365,horizontal,L40x4,1,0.9629650016301886,1.0749650016301886,6.924999909732143,-0.0,-0.9998369678399123,-0.018056515186773738,100357,0.006,0.05
100365,horizontal,L40x4,2,-0.9629650016301886,1.0749650016301886,6.924999909732143,-0.0,-0.9998369678399123,-0.018056515186773738,100358,0.006,0.05
100368,horizontal,L40x4,1,-1.0749650016301886,0.9629650016301886,6.924999909732143,0.9998369678399123,0.0,-0.018056515186773738,100358,0.006,0.05
100368,horizontal,L40x4,2,-1.0749650016301886,-0.9629650016301886,6.924999909732143,0.9998369678399123,0.0,-0.018056515186773738,100355,0.006,0.05
100383,horizontal,L40x4,1,-0.9895299999999999,-1.11153,4.9,0.0,0.9998370565287313,-0.0180516035842369,100379,0.006,0.05
100383,horizontal,L40x4,2,0.9895299999999999,-1.11153,4.9,0.0,0.9998370565287313,-0.0180516035842369,100380,0.006,0.05
100386,horizontal,L40x4,1,1.11153,-0.9895299999999999,4.9,-0.9998370565287313,0.0,-0.0180516035842369,100380,0.006,0.05
100386,horizontal,L40x4,2,1.11153,0.9895299999999999,4.9,-0.9998370565287313,0.0,-0.0180516035842369,100381,0.006,0.05
100389,horizontal,L40x4,1,0.9895299999999999,1.11153,4.9,-0.0,-0.9998370565287313,-0.0180516035842369,100381,0.006,0.05
100389,horizontal,L40x4,2,-0.9895299999999999,1.11153,4.9,-0.0,-0.9998370565287313,-0.0180516035842369,100382,0.006,0.05
100392,horizontal,L40x4,1,-1.11153,0.9895299999999999,4.9,0.9998370565287313,0.0,-0.0180516035842369,100382,0.006,0.05
100392,horizontal,L40x4,2,-1.11153,-0.9895299999999999,4.9,0.9998370565287313,0.0,-0.0180516035842369,100379,0.006,0.05
100407,horizontal,L40x4,1,-1.0265399999999998,-1.14854,2.85,0.0,0.9998370910641681,-0.018049690643947878,100403,0.006,0.05
100407,horizontal,L40x4,2,1.0265399999999998,-1.14854,2.85,0.0,0.9998370910641681,-0.018049690643947878,100404,0.006,0.05
100410,horizontal,L40x4,1,1.14854,-1.0265399999999998,2.85,-0.9998370910641681,0.0,-0.018049690643947878,100404,0.006,0.05
100410,horizontal,L40x4,2,1.14854,1.0265399999999998,2.85,-0.9998370910641681,0.0,-0.018049690643947878,100405,0.006,0.05
100413,horizontal,L40x4,1,1.0265399999999998,1.14854,2.85,-0.0,-0.9998370910641681,-0.018049690643947878,100405,0.006,0.05
100413,horizontal,L40x4,2,-1.0265399999999998,1.14854,2.85,-0.0,-0.9998370910641681,-0.018049690643947878,100406,0.006,0.05
100416,horizontal,L40x4,1,-1.14854,1.0265399999999998,2.85,0.9998370910641681,0.0,-0.018049690643947878,100406,0.006,0.05
100416,horizontal,L40x4,2,-1.14854,-1.0265399999999998,2.85,0.9998370910641681,0.0,-0.018049690643947878,100403,0.006,0.05
100419,horizontal,L40x4,1,-1.0265399999999998,-1.14854,2.85,0.0,0.9998370910641681,-0.018049690643947878,100403,0.006,0.05
100419,horizontal,L40x4,2,1.0262056710871592,-1.1482056710871593,2.868519677387673,0.0,0.9998370910641681,-0.018049690643947878,100404,0.006,0.05
100420,horizontal,L40x4,1,1.14854,-1.0265399999999998,2.85,-0.9998370910641681,0.0,-0.018049690643947878,100404,0.006,0.05
100420,horizontal,L40x4,2,1.1482056710871593,1.0262056710871592,2.868519677387673,-0.9998370910641681,0.0,-0.018049690643947878,100405,0.006,0.05
100421,horizontal,L40x4,1,1.0622729726952411,1.0622729726952411,2.85,0.7071067811865475,-0.7071067811865475,0.0,100405,0.006,0.05
100421,horizontal,L40x4,2,-1.0622729726952411,-1.0622729726952411,2.85,0.7071067811865475,-0.7071067811865475,0.0,100403,0.006,0.05
100422,horizontal,L40x4,1,-1.14854,1.0265399999999998,2.85,0.9998370910641681,0.0,-0.018049690643947878,100406,0.006,0.05
100422,horizontal,L40x4,2,-1.1482056710871593,-1.0262056710871592,2.868519677387673,0.9998370910641681,0.0,-0.018049690643947878,100403,0.006,0.05
100423,horizontal,L40x4,1,-1.0619268933681556,-1.0619268933681556,2.8691705749697514,-0.7071067811865475,0.7071067811865475,0.0,100403,0.006,0.05
100423,horizontal,L40x4,2,1.0619268933681556,1.0619268933681556,2.8691705749697514,-0.7071067811865475,0.7071067811865475,0.0,100405,0.006,0.05
100436,horizontal,L40x4,1,-1.060845001629906,-1.1828450016299061,0.949999909739959,0.0,0.999836996082916,-0.01805495122926574,100432,0.006,0.05
100436,horizontal,L40x4,2,1.060845001629906,-1.1828450016299061,0.949999909739959,0.0,0.999836996082916,-0.01805495122926574,100433,0.006,0.05
100439,horizontal,L40x4,1,1.1828450016299061,-1.060845001629906,0.949999909739959,-0.999836996082916,0.0,-0.01805495122926574,100433,0.006,0.05
100439,horizontal,L40x4,2,1.1828450016299061,1.060845001629906,0.949999909739959,-0.999836996082916,0.0,-0.01805495122926574,100434,0.006,0.05
100442,horizontal,L40x4,1,1.060845001629906,1.1828450016299061,0.949999909739959,-0.0,-0.999836996082916,-0.01805495122926574,100434,0.006,0.05
100442,horizontal,L40x4,2,-1.060845001629906,1.1828450016299061,0.949999909739959,-0.0,-0.999836996082916,-0.01805495122926574,100435,0.006,0.05
100445,horizontal,L40x4,1,-1.1828450016299061,1.060845001629906,0.949999909739959,0.999836996082916,0.0,-0.01805495122926574,100435,0.006,0.05
100445,horizontal,L40x4,2,-1.1828450016299061,-1.060845001629906,0.949999909739959,0.999836996082916,0.0,-0.01805495122926574,100432,0.006,0.05
100011,brace,L40x4,1,-0.48800000000000004,-0.55,45.910590909090914,0.0,1.0,0.0,100001,0.006,0.05
100011,brace,L40x4,2,0.48800000000000004,-0.55,46.86440909090909,0.0,1.0,0.0,100002,0.006,0.05
100012,brace,L40x4,1,0.55,-0.48800000000000004,45.910590909090914,-1.0,0.0,0.0,100002,0.006,0.05
100012,brace,L40x4,2,0.55,0.48800000000000004,46.86440909090909,-1.0,0.0,0.0,100003,0.006,0.05
100013,brace,L40x4,1,0.48800000000000004,0.55,45.910590909090914,0.0,-1.0,0.0,100003,0.006,0.05
100013,brace,L40x4,2,-0.48800000000000004,0.55,46.86440909090909,0.0,-1.0,0.0,100004,0.006,0.05
100014,brace,L40x4,1,-0.55,0.48800000000000004,45.910590909090914,1.0,0.0,-0.0,100004,0.006,0.05
100014,brace,L40x4,2,-0.55,-0.48800000000000004,46.86440909090909,1.0,0.0,-0.0,100001,0.006,0.05
100015,brace,L40x4,1,0.48800000000000004,-0.55,46.9855909090909,0.0,-1.0,0.0,100002,0.006,0.05
100015,brace,L40x4,2,-0.48800000000000004,-0.55,47.939409090909095,0.0,-1.0,0.0,100001,0.006,0.05
100016,brace,L40x4,1,0.55,0.48800000000000004,46.9855909090909,1.0,0.0,-0.0,100003,0.006,0.05
100016,brace,L40x4,2,0.55,-0.48800000000000004,47.939409090909095,1.0,0.0,-0.0,100002,0.006,0.05
100017,brace,L40x4,1,-0.48800000000000004,0.55,46.9855909090909,0.0,1.0,0.0,100004,0.006,0.05
100017,brace,L40x4,2,0.48800000000000004,0.55,47.939409090909095,0.0,1.0,0.0,100003,0.006,0.05
100018,brace,L40x4,1,-0.55,-0.48800000000000004,46.9855909090909,-1.0,0.0,0.0,100001,0.006,0.05
100018,brace,L40x4,2,-0.55,0.48800000000000004,47.939409090909095,-1.0,0.0,0.0,100004,0.006,0.05
100027,brace,L40x4,1,-0.48800000000000004,-0.55,43.76059090909091,0.0,1.0,0.0,100019,0.006,0.05
100027,brace,L40x4,2,0.48800000000000004,-0.55,44.7144090909091,0.0,1.0,0.0,100020,0.006,0.05
100028,brace,L40x4,1,0.55,-0.48800000000000004,43.76059090909091,-1.0,0.0,0.0,100020,0.006,0.05
100028,brace,L40x4,2,0.55,0.48800000000000004,44.7144090909091,-1.0,0.0,0.0,100021,0.006,0.05
100029,brace,L40x4,1,0.48800000000000004,0.55,43.76059090909091,0.0,-1.0,0.0,100021,0.006,0.05
100029,brace,L40x4,2,-0.48800000000000004,0.55,44.7144090909091,0.0,-1.0,0.0,100022,0.006,0.05
100030,brace,L40x4,1,-0.55,0.48800000000000004,43.76059090909091,1.0,0.0,-0.0,100022,0.006,0.05
100030,brace,L40x4,2,-0.55,-0.48800000000000004,44.7144090909091,1.0,0.0,-0.0,100019,0.006,0.05
100031,brace,L40x4,1,0.48800000000000004,-0.55,44.835590909090904,0.0,-1.0,0.0,100020,0.006,0.05
100031,brace,L40x4,2,-0.48800000000000004,-0.55,45.789409090909096,0.0,-1.0,0.0,100019,0.006,0.05
100032,brace,L40x4,1,0.55,0.48800000000000004,44.835590909090904,1.0,0.0,-0.0,100021,0.006,0.05
100032,brace,L40x4,2,0.55,-0.48800000000000004,45.789409090909096,1.0,0.0,-0.0,100020,0.006,0.05
100033,brace,L40x4,1,-0.48800000000000004,0.55,44.835590909090904,0.0,1.0,0.0,100022,0.006,0.05
100033,brace,L40x4,2,0.48800000000000004,0.55,45.789409090909096,0.0,1.0,0.0,100021,0.006,0.05
100034,brace,L40x4,1,-0.55,-0.48800000000000004,44.835590909090904,-1.0,0.0,0.0,100019,0.006,0.05
100034,brace,L40x4,2,-0.55,0.48800000000000004,45.789409090909096,-1.0,0.0,0.0,100022,0.006,0.05
100043,brace,L40x4,1,-0.48800000000000004,-0.55,41.6105909090909,0.0,1.0,0.0,100035,0.006,0.05
100043,brace,L40x4,2,0.48800000000000004,-0.55,42.564409090909095,0.0,1.0,0.0,100036,0.006,0.05
100044,brace,L40x4,1,0.55,-0.48800000000000004,41.6105909090909,-1.0,0.0,0.0,100036,0.006,0.05
100044,brace,L40x4,2,0.55,0.48800000000000004,42.564409090909095,-1.0,0.0,0.0,100037,0.006,0.05
100045,brace,L40x4,1,0.48800000000000004,0.55,41.6105909090909,0.0,-1.0,0.0,100037,0.006,0.05
100045,brace,L40x4,2,-0.48800000000000004,0.55,42.564409090909095,0.0,-1.0,0.0,100038,0.006,0.05
100046,brace,L40x4,1,-0.55,0.48800000000000004,41.6105909090909,1.0,0.0,-0.0,100038,0.006,0.05
100046,brace,L40x4,2,-0.55,-0.48800000000000004,42.564409090909095,1.0,0.0,-0.0,100035,0.006,0.05
100047,brace,L40x4,1,0.48800000000000004,-0.55,42.68559090909091,0.0,-1.0,0.0,100036,0.006,0.05
100047,brace,L40x4,2,-0.48800000000000004,-0.55,43.6394090909091,0.0,-1.0,0.0,100035,0.006,0.05
100048,brace,L40x4,1,0.55,0.48800000000000004,42.68559090909091,1.0,0.0,-0.0,100037,0.006,0.05
100048,brace,L40x4,2,0.55,-0.48800000000000004,43.6394090909091,1.0,0.0,-0.0,100036,0.006,0.05
100049,brace,L40x4,1,-0.48800000000000004,0.55,42.68559090909091,0.0,1.0,0.0,100038,0.006,0.05
100049,brace,L40x4,2,0.48800000000000004,0.55,43.6394090909091,0.0,1.0,0.0,100037,0.006,0.05
100050,brace,L40x4,1,-0.55,-0.48800000000000004,42.68559090909091,-1.0,0.0,0.0,100035,0.006,0.05
100050,brace,L40x4,2,-0.55,0.48800000000000004,43.6394090909091,-1.0,0.0,0.0,100038,0.006,0.05
100059,brace,L40x5,1,-0.48800000000000004,-0.55,39.55777272727273,0.0,1.0,0.0,100051,0.006,0.05
100059,brace,L40x5,2,0.48800000000000004,-0.55,40.46722727272727,0.0,1.0,0.0,100052,0.006,0.05
100060,brace,L40x5,1,0.55,-0.48800000000000004,39.55777272727273,-1.0,0.0,0.0,100052,0.006,0.05
100060,brace,L40x5,2,0.55,0.48800000000000004,40.46722727272727,-1.0,0.0,0.0,100053,0.006,0.05
100061,brace,L40x5,1,0.48800000000000004,0.55,39.55777272727273,0.0,-1.0,0.0,100053,0.006,0.05
100061,brace,L40x5,2,-0.48800000000000004,0.55,40.46722727272727,0.0,-1.0,0.0,100054,0.006,0.05
100062,brace,L40x5,1,-0.55,0.48800000000000004,39.55777272727273,1.0,0.0,-0.0,100054,0.006,0.05
100062,brace,L40x5,2,-0.55,-0.48800000000000004,40.46722727272727,1.0,0.0,-0.0,100051,0.006,0.05
100063,brace,L40x5,1,0.48800000000000004,-0.55,40.582772727272726,0.0,-1.0,0.0,100052,0.006,0.05
100063,brace,L40x5,2,-0.48800000000000004,-0.55,41.49222727272727,0.0,-1.0,0.0,100051,0.006,0.05
100064,brace,L40x5,1,0.55,0.48800000000000004,40.582772727272726,1.0,0.0,-0.0,100053,0.006,0.05
100064,brace,L40x5,2,0.55,-0.48800000000000004,41.49222727272727,1.0,0.0,-0.0,100052,0.006,0.05
100065,brace,L40x5,1,-0.48800000000000004,0.55,40.582772727272726,0.0,1.0,0.0,100054,0.006,0.05
100065,brace,L40x5,2,0.48800000000000004,0.55,41.49222727272727,0.0,1.0,0.0,100053,0.006,0.05
100066,brace,L40x5,1,-0.55,-0.48800000000000004,40.582772727272726,-1.0,0.0,0.0,100051,0.006,0.05
100066,brace,L40x5,2,-0.55,0.48800000000000004,41.49222727272727,-1.0,0.0,0.0,100054,0.006,0.05
100075,brace,L40x5,1,-0.48800000000000004,-0.55,37.556363636363635,0.0,1.0,0.0,100067,0.006,0.05
100075,brace,L40x5,2,0.48800000000000004,-0.55,38.443636363636365,0.0,1.0,0.0,100068,0.006,0.05
100076,brace,L40x5,1,0.55,-0.48800000000000004,37.556363636363635,-1.0,0.0,0.0,100068,0.006,0.05
100076,brace,L40x5,2,0.55,0.48800000000000004,38.443636363636365,-1.0,0.0,0.0,100069,0.006,0.05
100077,brace,L40x5,1,0.48800000000000004,0.55,37.556363636363635,0.0,-1.0,0.0,100069,0.006,0.05
100077,brace,L40x5,2,-0.48800000000000004,0.55,38.443636363636365,0.0,-1.0,0.0,100070,0.006,0.05
100078,brace,L40x5,1,-0.55,0.48800000000000004,37.556363636363635,1.0,0.0,-0.0,100070,0.006,0.05
100078,brace,L40x5,2,-0.55,-0.48800000000000004,38.443636363636365,1.0,0.0,-0.0,100067,0.006,0.05
100079,brace,L40x5,1,0.48800000000000004,-0.55,38.556363636363635,0.0,-1.0,0.0,100068,0.006,0.05
100079,brace,L40x5,2,-0.48800000000000004,-0.55,39.443636363636365,0.0,-1.0,0.0,100067,0.006,0.05
100080,brace,L40x5,1,0.55,0.48800000000000004,38.556363636363635,1.0,0.0,-0.0,100069,0.006,0.05
100080,brace,L40x5,2,0.55,-0.48800000000000004,39.443636363636365,1.0,0.0,-0.0,100068,0.006,0.05
100081,brace,L40x5,1,-0.48800000000000004,0.55,38.556363636363635,0.0,1.0,0.0,100070,0.006,0.05
100081,brace,L40x5,2,0.48800000000000004,0.55,39.443636363636365,0.0,1.0,0.0,100069,0.006,0.05
100082,brace,L40x5,1,-0.55,-0.48800000000000004,38.556363636363635,-1.0,0.0,0.0,100067,0.006,0.05
100082,brace,L40x5,2,-0.55,0.48800000000000004,39.443636363636365,-1.0,0.0,0.0,100070,0.006,0.05
100091,brace,L40x4,1,-0.48800000000000004,-0.55,36.042272727272724,0.0,1.0,0.0,100083,0.006,0.05
100091,brace,L40x4,2,0.48800000000000004,-0.55,36.707727272727276,0.0,1.0,0.0,100084,0.006,0.05
100092,brace,L40x4,1,0.55,-0.48800000000000004,36.042272727272724,-1.0,0.0,0.0,100084,0.006,0.05
100092,brace,L40x4,2,0.55,0.48800000000000004,36.707727272727276,-1.0,0.0,0.0,100085,0.006,0.05
100093,brace,L40x4,1,0.48800000000000004,0.55,36.042272727272724,0.0,-1.0,0.0,100085,0.006,0.05
100093,brace,L40x4,2,-0.48800000000000004,0.55,36.707727272727276,0.0,-1.0,0.0,100086,0.006,0.05
100094,brace,L40x4,1,-0.55,0.48800000000000004,36.042272727272724,1.0,0.0,-0.0,100086,0.006,0.05
100094,brace,L40x4,2,-0.55,-0.48800000000000004,36.707727272727276,1.0,0.0,-0.0,100083,0.006,0.05
100095,brace,L40x4,1,0.48800000000000004,-0.55,36.792272727272724,0.0,-1.0,0.0,100084,0.006,0.05
100095,brace,L40x4,2,-0.48800000000000004,-0.55,37.457727272727276,0.0,-1.0,0.0,100083,0.006,0.05
100096,brace,L40x4,1,0.55,0.48800000000000004,36.792272727272724,1.0,0.0,-0.0,100085,0.006,0.05
100096,brace,L40x4,2,0.55,-0.48800000000000004,37.457727272727276,1.0,0.0,-0.0,100084,0.006,0.05
100097,brace,L40x4,1,-0.48800000000000004,0.55,36.792272727272724,0.0,1.0,0.0,100086,0.006,0.05
100097,brace,L40x4,2,0.48800000000000004,0.55,37.457727272727276,0.0,1.0,0.0,100085,0.006,0.05
100098,brace,L40x4,1,-0.55,-0.48800000000000004,36.792272727272724,-1.0,0.0,0.0,100083,0.006,0.05
100098,brace,L40x4,2,-0.55,0.48800000000000004,37.457727272727276,-1.0,0.0,0.0,100086,0.006,0.05
100109,brace,L40x5,1,-0.5173428076466523,-0.5893428076466524,33.82101373033925,0.0,0.9998370383002206,-0.018052613191531723,100099,0.006,0.05
100109,brace,L40x5,2,0.4995505870138878,-0.5715505870138878,34.806429026923134,0.0,0.9998370383002206,-0.018052613191531723,100100,0.006,0.05
100110,brace,L40x5,1,0.5893428076466524,-0.5173428076466523,33.82101373033925,-0.9998370383002206,0.0,-0.018052613191531723,100100,0.006,0.05
100110,brace,L40x5,2,0.5715505870138878,0.4995505870138878,34.806429026923134,-0.9998370383002206,0.0,-0.018052613191531723,100101,0.006,0.05
100111,brace,L40x5,1,0.5173428076466523,0.5893428076466524,33.82101373033925,-0.0,-0.9998370383002206,-0.018052613191531723,100101,0.006,0.05
100111,brace,L40x5,2,-0.4995505870138878,0.5715505870138878,34.806429026923134,-0.0,-0.9998370383002206,-0.018052613191531723,100102,0.006,0.05
100112,brace,L40x5,1,-0.5893428076466524,0.5173428076466523,33.82101373033925,0.9998370383002206,0.0,-0.018052613191531723,100102,0.006,0.05
100112,brace,L40x5,2,-0.5715505870138878,-0.4995505870138878,34.806429026923134,0.9998370383002206,0.0,-0.018052613191531723,100099,0.006,0.05
100113,brace,L40x5,1,0.49698296301897543,-0.5689829630189754,34.94863589433367,0.0,-0.9998370383002206,0.018052613191531723,100100,0.006,0.05
100113,brace,L40x5,2,-0.47928219233277597,-0.551282192332776,35.9289862708001,0.0,-0.9998370383002206,0.018052613191531723,100099,0.006,0.05
100114,brace,L40x5,1,0.5689829630189754,0.49698296301897543,34.94863589433367,0.9998370383002206,0.0,0.018052613191531723,100101,0.006,0.05
100114,brace,L40x5,2,0.551282192332776,-0.47928219233277597,35.9289862708001,0.9998370383002206,0.0,0.018052613191531723,100100,0.006,0.05
100115,brace,L40x5,1,-0.49698296301897543,0.5689829630189754,34.94863589433367,-0.0,0.9998370383002206,0.018052613191531723,100102,0.006,0.05
100115,brace,L40x5,2,0.47928219233277597,0.551282192332776,35.9289862708001,-0.0,0.9998370383002206,0.018052613191531723,100101,0.006,0.05
100116,brace,L40x5,1,-0.5689829630189754,-0.49698296301897543,34.94863589433367,-0.9998370383002206,0.0,0.018052613191531723,100099,0.006,0.05
100116,brace,L40x5,2,-0.551282192332776,0.47928219233277597,35.9289862708001,-0.9998370383002206,0.0,0.018052613191531723,100102,0.006,0.05
100125,brace,L40x5,1,-0.554545227221686,-0.6265452272216859,31.760578002797423,0.0,0.9998370373220766,-0.018052667365580158,100117,0.006,0.05
100125,brace,L40x5,2,0.5381935210335879,-0.6101935210335878,32.66620824231764,0.0,0.9998370373220766,-0.018052667365580158,100118,0.006,0.05
100126,brace,L40x5,1,0.6265452272216859,-0.554545227221686,31.760578002797423,-0.9998370373220766,0.0,-0.018052667365580158,100118,0.006,0.05
100126,brace,L40x5,2,0.6101935210335878,0.5381935210335879,32.66620824231764,-0.9998370373220766,0.0,-0.018052667365580158,100119,0.006,0.05
100127,brace,L40x5,1,0.554545227221686,0.6265452272216859,31.760578002797423,-0.0,-0.9998370373220766,-0.018052667365580158,100119,0.006,0.05
100127,brace,L40x5,2,-0.5381935210335879,0.6101935210335878,32.66620824231764,-0.0,-0.9998370373220766,-0.018052667365580158,100120,0.006,0.05
100128,brace,L40x5,1,-0.6265452272216859,0.554545227221686,31.760578002797423,0.9998370373220766,0.0,-0.018052667365580158,100120,0.006,0.05
100128,brace,L40x5,2,-0.6101935210335878,-0.5381935210335879,32.66620824231764,0.9998370373220766,0.0,-0.018052667365580158,100117,0.006,0.05
100129,brace,L40x5,1,0.5360039542857143,-0.6080039542857143,32.78747619047619,0.0,-0.9998370373220766,0.018052667365580158,100118,0.006,0.05
100129,brace,L40x5,2,-0.5197187727783141,-0.5917187727783141,33.68942199720258,0.0,-0.9998370373220766,0.018052667365580158,100117,0.006,0.05
100130,brace,L40x5,1,0.6080039542857143,0.5360039542857143,32.78747619047619,0.9998370373220766,0.0,0.018052667365580158,100119,0.006,0.05
100130,brace,L40x5,2,0.5917187727783141,-0.5197187727783141,33.68942199720258,0.9998370373220766,0.0,0.018052667365580158,100118,0.006,0.05
100131,brace,L40x5,1,-0.5360039542857143,0.6080039542857143,32.78747619047619,-0.0,0.9998370373220766,0.018052667365580158,100120,0.006,0.05
100131,brace,L40x5,2,0.5197187727783141,0.5917187727783141,33.68942199720258,-0.0,0.9998370373220766,0.018052667365580158,100119,0.006,0.05
100132,brace,L40x5,1,-0.6080039542857143,-0.5360039542857143,32.78747619047619,-0.9998370373220766,0.0,0.018052667365580158,100117,0.006,0.05
100132,brace,L40x5,2,-0.5917187727783142,0.5197187727783142,33.68942199720257,-0.9998370373220766,0.0,0.018052667365580158,100120,0.006,0.05
100141,brace,L40x4,1,-0.5854737402338465,-0.6574737402338464,30.047590460756535,0.0,0.9998370430182859,-0.018052351881413697,100133,0.006,0.05
100141,brace,L40x4,2,0.5718252287793563,-0.6438252287793562,30.803518963807075,0.0,0.9998370430182859,-0.018052351881413697,100134,0.006,0.05
100142,brace,L40x4,1,0.6574737402338464,-0.5854737402338465,30.047590460756535,-0.9998370430182859,0.0,-0.018052351881413697,100134,0.006,0.05
100142,brace,L40x4,2,0.6438252287793562,0.5718252287793563,30.803518963807075,-0.9998370430182859,0.0,-0.018052351881413697,100135,0.006,0.05
100143,brace,L40x4,1,0.5854737402338465,0.6574737402338464,30.047590460756535,-0.0,-0.9998370430182859,-0.018052351881413697,100135,0.006,0.05
100143,brace,L40x4,2,-0.5718252287793563,0.6438252287793562,30.803518963807075,-0.0,-0.9998370430182859,-0.018052351881413697,100136,0.006,0.05
100144,brace,L40x4,1,-0.6574737402338464,0.5854737402338465,30.047590460756535,0.9998370430182859,0.0,-0.018052351881413697,100136,0.006,0.05
100144,brace,L40x4,2,-0.6438252287793562,-0.5718252287793563,30.803518963807075,0.9998370430182859,0.0,-0.018052351881413697,100133,0.006,0.05
100145,brace,L40x4,1,0.570105729653511,-0.642105729653511,30.89875414051708,0.0,-0.9998370430182859,0.018052351881413697,100134,0.006,0.05
100145,brace,L40x4,2,-0.5564982597661536,-0.6284982597661536,31.652409539243465,0.0,-0.9998370430182859,0.018052351881413697,100133,0.006,0.05
100146,brace,L40x4,1,0.642105729653511,0.570105729653511,30.89875414051708,0.9998370430182859,0.0,0.018052351881413697,100135,0.006,0.05
100146,brace,L40x4,2,0.6284982597661536,-0.5564982597661536,31.652409539243465,0.9998370430182859,0.0,0.018052351881413697,100134,0.006,0.05
100147,brace,L40x4,1,-0.570105729653511,0.642105729653511,30.89875414051708,-0.0,0.9998370430182859,0.018052351881413697,100136,0.006,0.05
100147,brace,L40x4,2,0.5564982597661536,0.6284982597661536,31.652409539243465,-0.0,0.9998370430182859,0.018052351881413697,100135,0.006,0.05
100148,brace,L40x4,1,-0.642105729653511,-0.570105729653511,30.89875414051708,-0.9998370430182859,0.0,0.018052351881413697,100133,0.006,0.05
100148,brace,L40x4,2,-0.6284982597661536,0.5564982597661536,31.65240953924346,-0.9998370430182859,0.0,0.018052351881413697,100136,0.006,0.05
100157,brace,L40x5,1,-0.6095978636922158,-0.6915978636922158,28.157662186929116,0.0,0.999837034078736,-0.01805284699531853,100149,0.006,0.05
100157,brace,L40x5,2,0.5945013528750186,-0.6765013528750186,28.993765800077675,0.0,0.999837034078736,-0.01805284699531853,100150,0.006,0.05
100158,brace,L40x5,1,0.6915978636922158,-0.6095978636922158,28.157662186929116,-0.999837034078736,0.0,-0.01805284699531853,100150,0.006,0.05
100158,brace,L40x5,2,0.6765013528750186,0.5945013528750186,28.993765800077675,-0.999837034078736,0.0,-0.01805284699531853,100151,0.006,0.05
100159,brace,L40x5,1,0.6095978636922158,0.6915978636922158,28.157662186929116,-0.0,-0.999837034078736,-0.01805284699531853,100151,0.006,0.05
100159,brace,L40x5,2,-0.5945013528750186,0.6765013528750186,28.993765800077675,-0.0,-0.999837034078736,-0.01805284699531853,100152,0.006,0.05
100160,brace,L40x5,1,-0.6915978636922158,0.6095978636922158,28.157662186929116,0.999837034078736,0.0,-0.01805284699531853,100152,0.006,0.05
100160,brace,L40x5,2,-0.6765013528750186,-0.5945013528750186,28.993765800077675,0.999837034078736,0.0,-0.01805284699531853,100149,0.006,0.05
100161,brace,L40x5,1,0.5924177366742971,-0.674417736674297,29.109164586918784,0.0,-0.999837034078736,0.01805284699531853,100150,0.006,0.05
100161,brace,L40x5,2,-0.5773741363077842,-0.6593741363077842,29.94233781307089,0.0,-0.999837034078736,0.01805284699531853,100149,0.006,0.05
100162,brace,L40x5,1,0.674417736674297,0.5924177366742971,29.109164586918784,0.999837034078736,0.0,0.01805284699531853,100151,0.006,0.05
100162,brace,L40x5,2,0.6593741363077842,-0.5773741363077842,29.94233781307089,0.999837034078736,0.0,0.01805284699531853,100150,0.006,0.05
100163,brace,L40x5,1,-0.5924177366742971,0.674417736674297,29.109164586918784,-0.0,0.999837034078736,0.01805284699531853,100152,0.006,0.05
100163,brace,L40x5,2,0.5773741363077842,0.6593741363077842,29.94233781307089,-0.0,0.999837034078736,0.01805284699531853,100151,0.006,0.05
100164,brace,L40x5,1,-0.674417736674297,-0.5924177366742971,29.109164586918784,-0.999837034078736,0.0,0.01805284699531853,100149,0.006,0.05
100164,brace,L40x5,2,-0.6593741363077843,0.5773741363077843,29.942337813070885,-0.999837034078736,0.0,0.01805284699531853,100152,0.006,0.05
100173,brace,L40x5,1,-0.6421991490501334,-0.7241991490501334,26.35205328337723,0.0,0.9998370383002207,-0.01805261319153174,100165,0.006,0.05
100173,brace,L40x5,2,0.6278077893631429,-0.7098077893631428,27.14911320450286,0.0,0.9998370383002207,-0.01805261319153174,100166,0.006,0.05
100174,brace,L40x5,1,0.7241991490501334,-0.6421991490501334,26.35205328337723,-0.9998370383002207,0.0,-0.01805261319153174,100166,0.006,0.05
100174,brace,L40x5,2,0.7098077893631428,0.6278077893631429,27.14911320450286,-0.9998370383002207,0.0,-0.01805261319153174,100167,0.006,0.05
100175,brace,L40x5,1,0.6421991490501334,0.7241991490501334,26.35205328337723,-0.0,-0.9998370383002207,-0.01805261319153174,100167,0.006,0.05
100175,brace,L40x5,2,-0.6278077893631429,0.7098077893631428,27.14911320450286,-0.0,-0.9998370383002207,-0.01805261319153174,100168,0.006,0.05
100176,brace,L40x5,1,-0.7241991490501334,0.6421991490501334,26.35205328337723,0.9998370383002207,0.0,-0.01805261319153174,100168,0.006,0.05
100176,brace,L40x5,2,-0.7098077893631428,-0.6278077893631429,27.14911320450286,0.9998370383002207,0.0,-0.01805261319153174,100165,0.006,0.05
100177,brace,L40x5,1,0.6259270992118551,-0.707927099211855,27.25327450518957,0.0,-0.9998370383002207,0.01805261319153174,100166,0.006,0.05
100177,brace,L40x5,2,-0.6115788509498666,-0.6935788509498666,28.047946716622775,0.0,-0.9998370383002207,0.01805261319153174,100165,0.006,0.05
100178,brace,L40x5,1,0.707927099211855,0.6259270992118551,27.25327450518957,0.9998370383002207,0.0,0.01805261319153174,100167,0.006,0.05
100178,brace,L40x5,2,0.6935788509498666,-0.6115788509498666,28.047946716622775,0.9998370383002207,0.0,0.01805261319153174,100166,0.006,0.05
100179,brace,L40x5,1,-0.6259270992118551,0.707927099211855,27.25327450518957,-0.0,0.9998370383002207,0.01805261319153174,100168,0.006,0.05
100179,brace,L40x5,2,0.6115788509498666,0.6935788509498666,28.047946716622775,-0.0,0.9998370383002207,0.01805261319153174,100167,0.006,0.05
100180,brace,L40x5,1,-0.707927099211855,-0.6259270992118551,27.25327450518957,-0.9998370383002207,0.0,0.01805261319153174,100165,0.006,0.05
100180,brace,L40x5,2,-0.6935788509498666,0.6115788509498667,28.047946716622775,-0.9998370383002207,0.0,0.01805261319153174,100168,0.006,0.05
100189,brace,L40x5,1,0.6839130733093084,-0.7659130733093084,24.04175571635019,0.0,-0.9998370365565707,0.01805270976266142,100182,0.006,0.05
100189,brace,L40x5,2,-0.671564047458388,-0.753564047458388,24.725698103585714,0.0,-0.9998370365565707,0.01805270976266142,100181,0.006,0.05
100190,brace,L40x5,1,0.7659130733093084,0.6839130733093084,24.04175571635019,0.9998370365565707,0.0,0.01805270976266142,100183,0.006,0.05
100190,brace,L40x5,2,0.753564047458388,-0.671564047458388,24.725698103585714,0.9998370365565707,0.0,0.01805270976266142,100182,0.006,0.05
100191,brace,L40x5,1,-0.6839130733093084,0.7659130733093084,24.04175571635019,-0.0,0.9998370365565707,0.01805270976266142,100184,0.006,0.05
100191,brace,L40x5,2,0.671564047458388,0.753564047458388,24.725698103585714,-0.0,0.9998370365565707,0.01805270976266142,100183,0.006,0.05
100192,brace,L40x5,1,-0.7659130733093084,-0.6839130733093084,24.04175571635019,-0.9998370365565707,0.0,0.01805270976266142,100181,0.006,0.05
100192,brace,L40x5,2,-0.753564047458388,0.671564047458388,24.725698103585714,-0.9998370365565707,0.0,0.01805270976266142,100184,0.006,0.05
100193,brace,L40x5,1,-0.6700557804688927,-0.7520557804688927,24.809232443689723,0.0,0.9998370365565707,-0.01805270976266142,100181,0.006,0.05
100193,brace,L40x5,2,0.6577360854742218,-0.7397360854742218,25.491550361425784,0.0,0.9998370365565707,-0.01805270976266142,100182,0.006,0.05
100194,brace,L40x5,1,0.7520557804688927,-0.6700557804688927,24.809232443689723,-0.9998370365565707,0.0,-0.01805270976266142,100182,0.006,0.05
100194,brace,L40x5,2,0.7397360854742218,0.6577360854742218,25.491550361425784,-0.9998370365565707,0.0,-0.01805270976266142,100183,0.006,0.05
100195,brace,L40x5,1,0.6700557804688927,0.7520557804688927,24.809232443689723,-0.0,-0.9998370365565707,-0.01805270976266142,100183,0.006,0.05
100195,brace,L40x5,2,-0.6577360854742218,0.7397360854742218,25.491550361425784,-0.0,-0.9998370365565707,-0.01805270976266142,100184,0.006,0.05
100196,brace,L40x5,1,-0.7520557804688927,0.6700557804688927,24.809232443689723,0.9998370365565707,0.0,-0.01805270976266142,100184,0.006,0.05
100196,brace,L40x5,2,-0.7397360854742218,-0.6577360854742218,25.491550361425784,0.9998370365565707,0.0,-0.01805270976266142,100181,0.006,0.05
100197,brace,L40x5,1,0.6561995689136341,-0.738199568913634,25.576649284787173,0.0,-0.9998370365565707,0.01805270976266142,100182,0.006,0.05
100197,brace,L40x5,2,-0.6439070488476111,-0.725907048847611,26.257462137605824,0.0,-0.9998370365565707,0.01805270976266142,100181,0.006,0.05
100198,brace,L40x5,1,0.738199568913634,0.6561995689136341,25.576649284787173,0.9998370365565707,0.0,0.01805270976266142,100183,0.006,0.05
100198,brace,L40x5,2,0.725907048847611,-0.6439070488476111,26.257462137605824,0.9998370365565707,0.0,0.01805270976266142,100182,0.006,0.05
100199,brace,L40x5,1,-0.6561995689136341,0.738199568913634,25.576649284787173,-0.0,0.9998370365565707,0.01805270976266142,100184,0.006,0.05
100199,brace,L40x5,2,0.6439070488476111,0.725907048847611,26.257462137605824,-0.0,0.9998370365565707,0.01805270976266142,100183,0.006,0.05
100200,brace,L40x5,1,-0.738199568913634,-0.6561995689136341,25.576649284787173,-0.9998370365565707,0.0,0.01805270976266142,100181,0.006,0.05
100200,brace,L40x5,2,-0.725907048847611,0.6439070488476111,26.257462137605824,-0.9998370365565707,0.0,0.01805270976266142,100184,0.006,0.05
100209,brace,L45x5,1,0.7132274316896537,-0.8052274316896537,21.864333374018475,0.0,-0.9998370401231177,0.018052512230804788,100202,0.006,0.05
100209,brace,L45x5,2,-0.695660959402968,-0.787660959402968,22.837251128177595,0.0,-0.9998370401231177,0.018052512230804788,100201,0.006,0.05
100210,brace,L45x5,1,0.8052274316896537,0.7132274316896537,21.864333374018475,0.9998370401231177,0.0,0.018052512230804788,100203,0.006,0.05
100210,brace,L45x5,2,0.787660959402968,-0.695660959402968,22.837251128177595,0.9998370401231177,0.0,0.018052512230804788,100202,0.006,0.05
100211,brace,L45x5,1,-0.7132274316896537,0.8052274316896537,21.864333374018475,-0.0,0.9998370401231177,0.018052512230804788,100204,0.006,0.05
100211,brace,L45x5,2,0.695660959402968,0.787660959402968,22.837251128177595,-0.0,0.9998370401231177,0.018052512230804788,100203,0.006,0.05
100212,brace,L45x5,1,-0.8052274316896537,-0.7132274316896537,21.864333374018475,-0.9998370401231177,0.0,0.018052512230804788,100201,0.006,0.05
100212,brace,L45x5,2,-0.787660959402968,0.695660959402968,22.837251128177595,-0.9998370401231177,0.0,0.018052512230804788,100204,0.006,0.05
100213,brace,L45x5,1,-0.6933363405181129,-0.7853363405181129,22.96599997130436,0.0,0.9998370401231177,-0.018052512230804788,100201,0.006,0.05
100213,brace,L45x5,2,0.6758285683103462,-0.7678285683103462,23.93566662598153,0.0,0.9998370401231177,-0.018052512230804788,100202,0.006,0.05
100214,brace,L45x5,1,0.7853363405181129,-0.6933363405181129,22.96599997130436,-0.9998370401231177,0.0,-0.018052512230804788,100202,0.006,0.05
100214,brace,L45x5,2,0.7678285683103462,0.6758285683103462,23.93566662598153,-0.9998370401231177,0.0,-0.018052512230804788,100203,0.006,0.05
100215,brace,L45x5,1,0.6933363405181129,0.7853363405181129,22.96599997130436,-0.0,-0.9998370401231177,-0.018052512230804788,100203,0.006,0.05
100215,brace,L45x5,2,-0.6758285683103462,0.7678285683103462,23.93566662598153,-0.0,-0.9998370401231177,-0.018052512230804788,100204,0.006,0.05
100216,brace,L45x5,1,-0.7853363405181129,0.6933363405181129,22.96599997130436,0.9998370401231177,0.0,-0.018052512230804788,100204,0.006,0.05
100216,brace,L45x5,2,-0.7678285683103462,-0.6758285683103462,23.93566662598153,0.9998370401231177,0.0,-0.018052512230804788,100201,0.006,0.05
100227,brace,L45x5,1,0.7477359247203601,-0.8397359247203601,19.953063490200144,0.0,-0.9998370435769997,0.018052320936794194,100218,0.006,0.05
100227,brace,L45x5,2,-0.7324800331424536,-0.8244800331424535,20.79801886107968,0.0,-0.9998370435769997,0.018052320936794194,100217,0.006,0.05
100228,brace,L45x5,1,0.8397359247203601,0.7477359247203601,19.953063490200144,0.9998370435769997,0.0,0.018052320936794194,100219,0.006,0.05
100228,brace,L45x5,2,0.8244800331424535,-0.7324800331424536,20.79801886107968,0.9998370435769997,0.0,0.018052320936794194,100218,0.006,0.05
100229,brace,L45x5,1,-0.7477359247203601,0.8397359247203601,19.953063490200144,-0.0,0.9998370435769997,0.018052320936794194,100220,0.006,0.05
100229,brace,L45x5,2,0.7324800331424536,0.8244800331424535,20.79801886107968,-0.0,0.9998370435769997,0.018052320936794194,100219,0.006,0.05
100230,brace,L45x5,1,-0.8397359247203601,-0.7477359247203601,19.953063490200144,-0.9998370435769997,0.0,0.018052320936794194,100217,0.006,0.05
100230,brace,L45x5,2,-0.8244800331424535,0.7324800331424536,20.79801886107968,-0.9998370435769997,0.0,0.018052320936794194,100220,0.006,0.05
100231,brace,L45x5,1,-0.7305630405737262,-0.8225630405737262,20.904192476604585,0.0,0.9998370435769997,-0.018052320936794194,100217,0.006,0.05
100231,brace,L45x5,2,0.7153470752978429,-0.8073470752978429,21.746936508791684,0.0,0.9998370435769997,-0.018052320936794194,100218,0.006,0.05
100232,brace,L45x5,1,0.8225630405737262,-0.7305630405737262,20.904192476604585,-0.9998370435769997,0.0,-0.018052320936794194,100218,0.006,0.05
100232,brace,L45x5,2,0.8073470752978429,0.7153470752978429,21.746936508791684,-0.9998370435769997,0.0,-0.018052320936794194,100219,0.006,0.05
100233,brace,L45x5,1,0.7305630405737262,0.8225630405737262,20.904192476604585,-0.0,-0.9998370435769997,-0.018052320936794194,100219,0.006,0.05
100233,brace,L45x5,2,-0.7153470752978429,0.8073470752978429,21.746936508791684,-0.0,-0.9998370435769997,-0.018052320936794194,100220,0.006,0.05
100234,brace,L45x5,1,-0.8225630405737262,0.7305630405737262,20.904192476604585,0.9998370435769997,0.0,-0.018052320936794194,100220,0.006,0.05
100234,brace,L45x5,2,-0.8073470752978429,-0.7153470752978429,21.746936508791684,0.9998370435769997,0.0,-0.018052320936794194,100217,0.006,0.05
100243,brace,L45x5,1,-0.7823908998511264,-0.8743908998511264,18.03373434043199,0.0,0.9998370340787361,-0.01805284699531847,100235,0.006,0.05
100243,brace,L45x5,2,0.7721664069505011,-0.8641664069505011,18.600006610914942,0.0,0.9998370340787361,-0.01805284699531847,100236,0.006,0.05
100244,brace,L45x5,1,0.8743908998511264,-0.7823908998511264,18.03373434043199,-0.9998370340787361,0.0,-0.01805284699531847,100236,0.006,0.05
100244,brace,L45x5,2,0.8641664069505011,0.7721664069505011,18.600006610914942,-0.9998370340787361,0.0,-0.01805284699531847,100237,0.006,0.05
100245,brace,L45x5,1,0.7823908998511264,0.8743908998511264,18.03373434043199,-0.0,-0.9998370340787361,-0.01805284699531847,100237,0.006,0.05
100245,brace,L45x5,2,-0.7721664069505011,0.8641664069505011,18.600006610914942,-0.0,-0.9998370340787361,-0.01805284699531847,100238,0.006,0.05
100246,brace,L45x5,1,-0.8743908998511264,0.7823908998511264,18.03373434043199,0.9998370340787361,0.0,-0.01805284699531847,100238,0.006,0.05
100246,brace,L45x5,2,-0.8641664069505011,-0.7721664069505011,18.600006610914942,0.9998370340787361,0.0,-0.01805284699531847,100235,0.006,0.05
100247,brace,L45x5,1,0.770947898294945,-0.862947898294945,18.66749236983631,0.0,-0.9998370340787361,0.01805284699531847,100236,0.006,0.05
100247,brace,L45x5,2,-0.7607379361331729,-0.8527379361331728,19.232959871362784,0.0,-0.9998370340787361,0.01805284699531847,100235,0.006,0.05
100248,brace,L45x5,1,0.862947898294945,0.770947898294945,18.66749236983631,0.9998370340787361,0.0,0.01805284699531847,100237,0.006,0.05
100248,brace,L45x5,2,0.8527379361331728,-0.7607379361331729,19.232959871362784,0.9998370340787361,0.0,0.01805284699531847,100236,0.006,0.05
100249,brace,L45x5,1,-0.770947898294945,0.862947898294945,18.66749236983631,-0.0,0.9998370340787361,0.01805284699531847,100238,0.006,0.05
100249,brace,L45x5,2,0.7607379361331729,0.8527379361331728,19.232959871362784,-0.0,0.9998370340787361,0.01805284699531847,100237,0.006,0.05
100250,brace,L45x5,1,-0.862947898294945,-0.770947898294945,18.66749236983631,-0.9998370340787361,0.0,0.01805284699531847,100235,0.006,0.05
100250,brace,L45x5,2,-0.8527379361331728,0.7607379361331729,19.232959871362784,-0.9998370340787361,0.0,0.01805284699531847,100238,0.006,0.05
100251,brace,L45x5,1,-0.759503052959501,-0.851503052959501,19.30135251492299,0.0,0.9998370340787361,-0.01805284699531847,100235,0.006,0.05
100251,brace,L45x5,2,0.7493112744278378,-0.8413112744278378,19.865812936136777,0.0,0.9998370340787361,-0.01805284699531847,100236,0.006,0.05
100252,brace,L45x5,1,0.851503052959501,-0.759503052959501,19.30135251492299,-0.9998370340787361,0.0,-0.01805284699531847,100236,0.006,0.05
100252,brace,L45x5,2,0.8413112744278378,0.7493112744278378,19.865812936136777,-0.9998370340787361,0.0,-0.01805284699531847,100237,0.006,0.05
100253,brace,L45x5,1,0.759503052959501,0.851503052959501,19.30135251492299,-0.0,-0.9998370340787361,-0.01805284699531847,100237,0.006,0.05
100253,brace,L45x5,2,-0.7493112744278378,0.8413112744278378,19.865812936136777,-0.0,-0.9998370340787361,-0.01805284699531847,100238,0.006,0.05
100254,brace,L45x5,1,-0.851503052959501,0.759503052959501,19.30135251492299,0.9998370340787361,0.0,-0.01805284699531847,100238,0.006,0.05
100254,brace,L45x5,2,-0.8413112744278377,-0.7493112744278377,19.86581293613678,0.9998370340787361,0.0,-0.01805284699531847,100235,0.006,0.05
100263,brace,L60x4,1,-0.8014791075284318,-0.9134791075284318,15.868837506607171,0.0,0.9998370401231176,-0.018052512230804785,100255,0.006,0.05
100263,brace,L60x4,2,0.784076906034839,-0.896076906034839,16.832657135173307,0.0,0.9998370401231176,-0.018052512230804785,100256,0.006,0.05
100264,brace,L60x4,1,0.9134791075284318,-0.8014791075284318,15.868837506607171,-0.9998370401231176,0.0,-0.018052512230804785,100256,0.006,0.05
100264,brace,L60x4,2,0.896076906034839,0.784076906034839,16.832657135173307,-0.9998370401231176,0.0,-0.018052512230804785,100257,0.006,0.05
100265,brace,L60x4,1,0.8014791075284318,0.9134791075284318,15.868837506607171,-0.0,-0.9998370401231176,-0.018052512230804785,100257,0.006,0.05
100265,brace,L60x4,2,-0.784076906034839,0.896076906034839,16.832657135173307,-0.0,-0.9998370401231176,-0.018052512230804785,100258,0.006,0.05
100266,brace,L60x4,1,-0.9134791075284318,0.8014791075284318,15.868837506607171,0.9998370401231176,0.0,-0.018052512230804785,100258,0.006,0.05
100266,brace,L60x4,2,-0.896076906034839,-0.784076906034839,16.832657135173307,0.9998370401231176,0.0,-0.018052512230804785,100255,0.006,0.05
100267,brace,L60x4,1,0.7815898960000001,-0.893589896,16.970399999999998,0.0,-0.9998370401231176,0.018052512230804785,100256,0.006,0.05
100267,brace,L60x4,2,-0.7642428924715682,-0.8762428924715682,17.931162493392826,0.0,-0.9998370401231176,0.018052512230804785,100255,0.006,0.05
100268,brace,L60x4,1,0.893589896,0.7815898960000001,16.970399999999998,0.9998370401231176,0.0,0.018052512230804785,100257,0.006,0.05
100268,brace,L60x4,2,0.8762428924715682,-0.7642428924715682,17.931162493392826,0.9998370401231176,0.0,0.018052512230804785,100256,0.006,0.05
100269,brace,L60x4,1,-0.7815898960000001,0.893589896,16.970399999999998,-0.0,0.9998370401231176,0.018052512230804785,100258,0.006,0.05
100269,brace,L60x4,2,0.7642428924715682,0.8762428924715682,17.931162493392826,-0.0,0.9998370401231176,0.018052512230804785,100257,0.006,0.05
100270,brace,L60x4,1,-0.893589896,-0.7815898960000001,16.970399999999998,-0.9998370401231176,0.0,0.018052512230804785,100255,0.006,0.05
100270,brace,L60x4,2,-0.8762428924715682,0.7642428924715682,17.93116249339283,-0.9998370401231176,0.0,0.018052512230804785,100258,0.006,0.05
100279,brace,L60x4,1,-0.8386254558570299,-0.9506254558570298,13.811506875590021,0.0,0.9998370373220766,-0.018052667365580158,100271,0.006,0.05
100279,brace,L60x4,2,0.8223179490362874,-0.9343179490362874,14.714689157497459,0.0,0.9998370373220766,-0.018052667365580158,100272,0.006,0.05
100280,brace,L60x4,1,0.9506254558570298,-0.8386254558570299,13.811506875590021,-0.9998370373220766,0.0,-0.018052667365580158,100272,0.006,0.05
100280,brace,L60x4,2,0.9343179490362874,0.8223179490362874,14.714689157497459,-0.9998370373220766,0.0,-0.018052667365580158,100273,0.006,0.05
100281,brace,L60x4,1,0.8386254558570299,0.9506254558570298,13.811506875590021,-0.0,-0.9998370373220766,-0.018052667365580158,100273,0.006,0.05
100281,brace,L60x4,2,-0.8223179490362874,0.9343179490362874,14.714689157497459,-0.0,-0.9998370373220766,-0.018052667365580158,100274,0.006,0.05
100282,brace,L60x4,1,-0.9506254558570298,0.8386254558570299,13.811506875590021,0.9998370373220766,0.0,-0.018052667365580158,100274,0.006,0.05
100282,brace,L60x4,2,-0.9343179490362874,-0.8223179490362874,14.714689157497459,0.9998370373220766,0.0,-0.018052667365580158,100271,0.006,0.05
100283,brace,L60x4,1,0.8200959869096841,-0.9320959869096841,14.837751305861234,0.0,-0.9998370373220766,0.018052667365580158,100272,0.006,0.05
100283,brace,L60x4,2,-0.8038325441429703,-0.9158325441429703,15.73849312440998,0.0,-0.9998370373220766,0.018052667365580158,100271,0.006,0.05
100284,brace,L60x4,1,0.9320959869096841,0.8200959869096841,14.837751305861234,0.9998370373220766,0.0,0.018052667365580158,100273,0.006,0.05
100284,brace,L60x4,2,0.9158325441429703,-0.8038325441429703,15.73849312440998,0.9998370373220766,0.0,0.018052667365580158,100272,0.006,0.05
100285,brace,L60x4,1,-0.8200959869096841,0.9320959869096841,14.837751305861234,-0.0,0.9998370373220766,0.018052667365580158,100274,0.006,0.05
100285,brace,L60x4,2,0.8038325441429703,0.9158325441429703,15.73849312440998,-0.0,0.9998370373220766,0.018052667365580158,100273,0.006,0.05
100286,brace,L60x4,1,-0.9320959869096841,-0.8200959869096841,14.837751305861234,-0.9998370373220766,0.0,0.018052667365580158,100271,0.006,0.05
100286,brace,L60x4,2,-0.9158325441429703,0.8038325441429703,15.73849312440998,-0.9998370373220766,0.0,0.018052667365580158,100274,0.006,0.05
100295,brace,L60x4,1,-0.8704185977102626,-0.9824185977102626,12.050644175302729,0.0,0.999837040591861,-0.01805248626947487,100287,0.006,0.05
100295,brace,L60x4,2,0.8564342154316884,-0.9684342154316884,12.825169256402354,0.0,0.999837040591861,-0.01805248626947487,100288,0.006,0.05
100296,brace,L60x4,1,0.9824185977102626,-0.8704185977102626,12.050644175302729,-0.999837040591861,0.0,-0.01805248626947487,100288,0.006,0.05
100296,brace,L60x4,2,0.9684342154316884,0.8564342154316884,12.825169256402354,-0.999837040591861,0.0,-0.01805248626947487,100289,0.006,0.05
100297,brace,L60x4,1,0.8704185977102626,0.9824185977102626,12.050644175302729,-0.0,-0.999837040591861,-0.01805248626947487,100289,0.006,0.05
100297,brace,L60x4,2,-0.8564342154316884,0.9684342154316884,12.825169256402354,-0.0,-0.999837040591861,-0.01805248626947487,100290,0.006,0.05
100298,brace,L60x4,1,-0.9824185977102626,0.8704185977102626,12.050644175302729,0.999837040591861,0.0,-0.01805248626947487,100290,0.006,0.05
100298,brace,L60x4,2,-0.9684342154316884,-0.8564342154316884,12.825169256402354,0.999837040591861,0.0,-0.01805248626947487,100287,0.006,0.05
100299,brace,L60x4,1,0.8546049149364302,-0.9666049149364302,12.926485073305917,0.0,-0.999837040591861,0.01805248626947487,100288,0.006,0.05
100299,brace,L60x4,2,-0.8406504023085997,-0.9526504023085997,13.69935582365258,0.0,-0.999837040591861,0.01805248626947487,100287,0.006,0.05
100300,brace,L60x4,1,0.9666049149364302,0.8546049149364302,12.926485073305917,0.999837040591861,0.0,0.01805248626947487,100289,0.006,0.05
100300,brace,L60x4,2,0.9526504023085997,-0.8406504023085997,13.69935582365258,0.999837040591861,0.0,0.01805248626947487,100288,0.006,0.05
100301,brace,L60x4,1,-0.8546049149364302,0.9666049149364302,12.926485073305917,-0.0,0.999837040591861,0.01805248626947487,100290,0.006,0.05
100301,brace,L60x4,2,0.8406504023085997,0.9526504023085997,13.69935582365258,-0.0,0.999837040591861,0.01805248626947487,100289,0.006,0.05
100302,brace,L60x4,1,-0.9666049149364302,-0.8546049149364302,12.926485073305917,-0.999837040591861,0.0,0.01805248626947487,100287,0.006,0.05
100302,brace,L60x4,2,-0.9526504023085997,0.8406504023085997,13.69935582365258,-0.999837040591861,0.0,0.01805248626947487,100290,0.006,0.05
100312,brace,L40x4,1,-0.9079821909925954,-1.0199821909925952,9.970070828913101,0.0,0.9998370588178213,-0.018051476796340112,100303,0.006,0.05
100312,brace,L40x4,2,0.8741433374104278,-0.9861433374104278,11.844340741623006,0.0,0.9998370588178213,-0.018051476796340112,100304,0.006,0.05
100313,brace,L40x4,1,0.9079821909925954,-1.0199821909925952,9.970070828913101,0.0,-0.9998370588178213,0.018051476796340112,100304,0.006,0.05
100313,brace,L40x4,2,-0.8741433374104278,-0.9861433374104278,11.844340741623006,0.0,-0.9998370588178213,0.018051476796340112,100303,0.006,0.05
100315,brace,L40x4,1,1.0199821909925952,-0.9079821909925954,9.970070828913101,-0.9998370588178213,0.0,-0.018051476796340112,100304,0.006,0.05
100315,brace,L40x4,2,0.9861433374104278,0.8741433374104278,11.844340741623006,-0.9998370588178213,0.0,-0.018051476796340112,100305,0.006,0.05
100316,brace,L40x4,1,1.0199821909925952,0.9079821909925954,9.970070828913101,0.9998370588178213,0.0,0.018051476796340112,100305,0.006,0.05
100316,brace,L40x4,2,0.9861433374104278,-0.8741433374104278,11.844340741623006,0.9998370588178213,0.0,0.018051476796340112,100304,0.006,0.05
100318,brace,L40x4,1,0.9079821909925954,1.0199821909925952,9.970070828913101,-0.0,-0.9998370588178213,-0.018051476796340112,100305,0.006,0.05
100318,brace,L40x4,2,-0.8741433374104278,0.9861433374104278,11.844340741623006,-0.0,-0.9998370588178213,-0.018051476796340112,100306,0.006,0.05
100319,brace,L40x4,1,-0.9079821909925954,1.0199821909925952,9.970070828913101,-0.0,0.9998370588178213,0.018051476796340112,100306,0.006,0.05
100319,brace,L40x4,2,0.8741433374104278,0.9861433374104278,11.844340741623006,-0.0,0.9998370588178213,0.018051476796340112,100305,0.006,0.05
100321,brace,L40x4,1,-1.0199821909925952,0.9079821909925954,9.970070828913101,0.9998370588178213,0.0,-0.018051476796340112,100306,0.006,0.05
100321,brace,L40x4,2,-0.9861433374104278,-0.8741433374104278,11.844340741623006,0.9998370588178213,0.0,-0.018051476796340112,100303,0.006,0.05
100322,brace,L40x4,1,-1.0199821909925952,-0.9079821909925954,9.970070828913101,-0.9998370588178213,0.0,0.018051476796340112,100303,0.006,0.05
100322,brace,L40x4,2,-0.9861433374104278,0.8741433374104278,11.844340741623006,-0.9998370588178213,0.0,0.018051476796340112,100306,0.006,0.05
100323,brace,L40x4,1,0.9077047452900602,-1.01970474529006,9.985438020103835,0.0,-0.9998370588178213,0.018051476796340112,100304,0.006,0.05
100323,brace,L40x4,2,-0.8743977574250188,-0.9863977574250188,11.830248899611243,0.0,-0.9998370588178213,0.018051476796340112,100303,0.006,0.05
100324,brace,L40x4,1,-0.9077380322114679,-1.0197380322114677,9.983594320667336,0.0,0.9998370588178213,-0.018051476796340112,100303,0.006,0.05
100324,brace,L40x4,2,0.8743668537953841,-0.9863668537953841,11.831960593037177,0.0,0.9998370588178213,-0.018051476796340112,100304,0.006,0.05
100325,brace,L40x4,1,1.0189411222033449,0.9069411222033449,10.02773365439906,0.9998370588178213,0.0,0.018051476796340112,100305,0.006,0.05
100325,brace,L40x4,2,0.9871104273693236,-0.8751104273693237,11.790775463223694,0.9998370588178213,0.0,0.018051476796340112,100304,0.006,0.05
100326,brace,L40x4,1,1.0207142806888947,-0.9087142806888948,9.929521769298917,-0.9998370588178213,0.0,-0.018051476796340112,100304,0.006,0.05
100326,brace,L40x4,2,0.9854658653459115,0.8734658653459115,11.881864634214141,-0.9998370588178213,0.0,-0.018051476796340112,100305,0.006,0.05
100327,brace,L40x4,1,-0.9077651486466447,1.0197651486466448,9.982092392758679,-0.0,0.9998370588178213,0.018051476796340112,100306,0.006,0.05
100327,brace,L40x4,2,0.8743414682052957,0.9863414682052957,11.833366652719542,-0.0,0.9998370588178213,0.018051476796340112,100305,0.006,0.05
100328,brace,L40x4,1,0.907731821212088,1.0197318212120878,9.98393833614166,-0.0,-0.9998370588178213,-0.018051476796340112,100305,0.006,0.05
100328,brace,L40x4,2,-0.8743724071334062,0.9863724071334062,11.831653004177982,-0.0,-0.9998370588178213,-0.018051476796340112,100306,0.006,0.05
100329,brace,L40x4,1,-1.0207137439218175,-0.9087137439218174,9.929551499809167,-0.9998370588178213,0.0,0.018051476796340112,100303,0.006,0.05
100329,brace,L40x4,2,-0.9854663662540695,0.8734663662540695,11.88183688986142,-0.9998370588178213,0.0,0.018051476796340112,100306,0.006,0.05
100330,brace,L40x4,1,-1.0189406262630782,0.9069406262630784,10.0277611235897,0.9998370588178213,0.0,-0.018051476796340112,100306,0.006,0.05
100330,brace,L40x4,2,-0.9871108927621561,-0.8751108927621563,11.790749685997481,0.9998370588178213,0.0,-0.018051476796340112,100303,0.006,0.05
100336,brace,L40x4,1,-0.9443159987557318,-1.0563159987557318,7.957671074177129,0.0,0.9998370483260276,-0.01805205790752647,100331,0.006,0.05
100336,brace,L40x4,2,0.912634522897209,-1.0246345228972091,9.712391420813665,0.0,0.9998370483260276,-0.01805205790752647,100332,0.006,0.05
100337,brace,L40x4,1,0.9443159987557318,-1.0563159987557318,7.957671074177129,0.0,-0.9998370483260276,0.01805205790752647,100332,0.006,0.05
100337,brace,L40x4,2,-0.912634522897209,-1.0246345228972091,9.712391420813665,0.0,-0.9998370483260276,0.01805205790752647,100331,0.006,0.05
100339,brace,L40x4,1,1.0563159987557318,-0.9443159987557318,7.957671074177129,-0.9998370483260276,0.0,-0.01805205790752647,100332,0.006,0.05
100339,brace,L40x4,2,1.0246345228972091,0.912634522897209,9.712391420813665,-0.9998370483260276,0.0,-0.01805205790752647,100333,0.006,0.05
100340,brace,L40x4,1,1.0563159987557318,0.9443159987557318,7.957671074177129,0.9998370483260276,0.0,0.01805205790752647,100333,0.006,0.05
100340,brace,L40x4,2,1.0246345228972091,-0.912634522897209,9.712391420813665,0.9998370483260276,0.0,0.01805205790752647,100332,0.006,0.05
100342,brace,L40x4,1,0.9443159987557318,1.0563159987557318,7.957671074177129,-0.0,-0.9998370483260276,-0.01805205790752647,100333,0.006,0.05
100342,brace,L40x4,2,-0.912634522897209,1.0246345228972091,9.712391420813665,-0.0,-0.9998370483260276,-0.01805205790752647,100334,0.006,0.05
100343,brace,L40x4,1,-0.9443159987557318,1.0563159987557318,7.957671074177129,-0.0,0.9998370483260276,0.01805205790752647,100334,0.006,0.05
100343,brace,L40x4,2,0.912634522897209,1.0246345228972091,9.712391420813665,-0.0,0.9998370483260276,0.01805205790752647,100333,0.006,0.05
100345,brace,L40x4,1,-1.0563159987557318,0.9443159987557318,7.957671074177129,0.9998370483260276,0.0,-0.01805205790752647,100334,0.006,0.05
100345,brace,L40x4,2,-1.0246345228972091,-0.912634522897209,9.712391420813665,0.9998370483260276,0.0,-0.01805205790752647,100331,0.006,0.05
100346,brace,L40x4,1,-1.0563159987557318,-0.9443159987557318,7.957671074177129,-0.9998370483260276,0.0,0.01805205790752647,100331,0.006,0.05
100346,brace,L40x4,2,-1.0246345228972091,0.912634522897209,9.712391420813665,-0.9998370483260276,0.0,0.01805205790752647,100334,0.006,0.05
100347,brace,L40x4,1,0.9440269348454202,-1.0560269348454203,7.973681260292418,0.0,-0.9998370483260276,0.01805205790752647,100332,0.006,0.05
100347,brace,L40x4,2,-0.9129021786546389,-1.0249021786546388,9.697566953495484,0.0,-0.9998370483260276,0.01805205790752647,100331,0.006,0.05
100348,brace,L40x4,1,-0.9440536635319339,-1.0560536635319338,7.972200856719249,0.0,0.9998370483260276,-0.01805205790752647,100331,0.006,0.05
100348,brace,L40x4,2,0.9128771725830925,-1.0248771725830925,9.698951947765561,0.0,0.9998370483260276,-0.01805205790752647,100332,0.006,0.05
100349,brace,L40x4,1,1.0553417254369828,0.9433417254369827,8.01163248756672,0.9998370483260276,0.0,0.01805205790752647,100333,0.006,0.05
100349,brace,L40x4,2,1.0255463668401827,-0.9135463668401828,9.661887740781891,0.9998370483260276,0.0,0.01805205790752647,100332,0.006,0.05
100350,brace,L40x4,1,1.0569256903847508,-0.9449256903847507,7.923902498767605,-0.9998370483260276,0.0,-0.01805205790752647,100332,0.006,0.05
100350,brace,L40x4,2,1.0240657731505816,0.9120657731505816,9.743892376040888,-0.9998370483260276,0.0,-0.01805205790752647,100333,0.006,0.05
100351,brace,L40x4,1,-0.9440814559677688,1.056081455967769,7.97066153598621,-0.0,0.9998370483260276,0.01805205790752647,100334,0.006,0.05
100351,brace,L40x4,2,0.9128509879050273,1.0248509879050272,9.700402220712963,-0.0,0.9998370483260276,0.01805205790752647,100333,0.006,0.05
100352,brace,L40x4,1,0.9440546887290917,1.0560546887290916,7.972144074821833,-0.0,-0.9998370483260276,-0.01805205790752647,100333,0.006,0.05
100352,brace,L40x4,2,-0.9128760280673484,1.0248760280673483,9.699015338280336,-0.0,-0.9998370483260276,-0.01805205790752647,100334,0.006,0.05
100353,brace,L40x4,1,-1.056925195504937,-0.9449251955049369,7.923929908339127,-0.9998370483260276,0.0,0.01805205790752647,100331,0.006,0.05
100353,brace,L40x4,2,-1.024066238052078,0.912066238052078,9.743866626858035,-0.9998370483260276,0.0,0.01805205790752647,100334,0.006,0.05
100354,brace,L40x4,1,-1.0553412694181619,0.9433412694181619,8.011657744770865,0.9998370483260276,0.0,-0.01805205790752647,100334,0.006,0.05
100354,brace,L40x4,2,-1.0255467974222845,-0.9135467974222846,9.661863892423993,0.9998370483260276,0.0,-0.01805205790752647,100331,0.006,0.05
100360,brace,L40x4,1,-0.97792951559861,-1.08992951559861,6.096375221268229,0.0,0.9998369678399123,-0.018056515186773738,100355,0.006,0.05
100360,brace,L40x4,2,0.9484515663710135,-1.0604515663710135,7.728647177899583,0.0,0.9998369678399123,-0.018056515186773738,100356,0.006,0.05
100361,brace,L40x4,1,0.97792951559861,-1.08992951559861,6.096375221268229,0.0,-0.9998369678399123,0.018056515186773738,100356,0.006,0.05
100361,brace,L40x4,2,-0.9484515663710135,-1.0604515663710135,7.728647177899583,0.0,-0.9998369678399123,0.018056515186773738,100355,0.006,0.05
100363,brace,L40x4,1,1.08992951559861,-0.97792951559861,6.096375221268229,-0.9998369678399123,0.0,-0.018056515186773738,100356,0.006,0.05
100363,brace,L40x4,2,1.0604515663710135,0.9484515663710135,7.728647177899583,-0.9998369678399123,0.0,-0.018056515186773738,100357,0.006,0.05
100364,brace,L40x4,1,1.08992951559861,0.97792951559861,6.096375221268229,0.9998369678399123,0.0,0.018056515186773738,100357,0.006,0.05
100364,brace,L40x4,2,1.0604515663710135,-0.9484515663710135,7.728647177899583,0.9998369678399123,0.0,0.018056515186773738,100356,0.006,0.05
100366,brace,L40x4,1,0.97792951559861,1.08992951559861,6.096375221268229,-0.0,-0.9998369678399123,-0.018056515186773738,100357,0.006,0.05
100366,brace,L40x4,2,-0.9484515663710135,1.0604515663710135,7.728647177899583,-0.0,-0.9998369678399123,-0.018056515186773738,100358,0.006,0.05
100367,brace,L40x4,1,-0.97792951559861,1.08992951559861,6.096375221268229,-0.0,0.9998369678399123,0.018056515186773738,100358,0.006,0.05
100367,brace,L40x4,2,0.9484515663710135,1.0604515663710135,7.728647177899583,-0.0,0.9998369678399123,0.018056515186773738,100357,0.006,0.05
100369,brace,L40x4,1,-1.08992951559861,0.97792951559861,6.096375221268229,0.9998369678399123,0.0,-0.018056515186773738,100358,0.006,0.05
100369,brace,L40x4,2,-1.0604515663710135,-0.9484515663710135,7.728647177899583,0.9998369678399123,0.0,-0.018056515186773738,100355,0.006,0.05
100370,brace,L40x4,1,-1.08992951559861,-0.97792951559861,6.096375221268229,-0.9998369678399123,0.0,0.018056515186773738,100355,0.006,0.05
100370,brace,L40x4,2,-1.0604515663710135,0.9484515663710135,7.728647177899583,-0.9998369678399123,0.0,0.018056515186773738,100358,0.006,0.05
100371,brace,L40x4,1,0.9776339594808098,-1.0896339594808098,6.112740944642378,0.0,-0.9998369678399123,0.018056515186773738,100356,0.006,0.05
100371,brace,L40x4,2,-0.9487275317647745,-1.0607275317647746,7.71336624469222,0.0,-0.9998369678399123,0.018056515186773738,100355,0.006,0.05
100372,brace,L40x4,1,-0.9776553587221936,-1.0896553587221935,6.111556012090448,0.0,0.9998369678399123,-0.018056515186773738,100355,0.006,0.05
100372,brace,L40x4,2,0.9487073711590472,-1.0607073711590473,7.714482590714233,0.0,0.9998369678399123,-0.018056515186773738,100356,0.006,0.05
100373,brace,L40x4,1,1.0890206804926026,0.9770206804926026,6.146699823067497,0.9998369678399123,0.0,0.018056515186773738,100357,0.006,0.05
100373,brace,L40x4,2,1.061308002579975,-0.9493080025799752,7.681224041515894,0.9998369678399123,0.0,0.018056515186773738,100356,0.006,0.05
100374,brace,L40x4,1,1.0904337488133633,-0.9784337488133632,6.068454495518645,-0.9998369678399123,0.0,-0.018056515186773738,100356,0.006,0.05
100374,brace,L40x4,2,1.0599777519630962,0.9479777519630963,7.7548835339201405,-0.9998369678399123,0.0,-0.018056515186773738,100357,0.006,0.05
100375,brace,L40x4,1,-0.977683697042435,1.089683697042435,6.109986844402729,-0.0,0.9998369678399123,0.018056515186773738,100358,0.006,0.05
100375,brace,L40x4,2,0.9486805291780274,1.0606805291780272,7.71596890214455,-0.0,0.9998369678399123,0.018056515186773738,100357,0.006,0.05
100376,brace,L40x4,1,0.9776622619788167,1.0896622619788168,6.111173760526458,-0.0,-0.9998369678399123,-0.018056515186773738,100357,0.006,0.05
100376,brace,L40x4,2,-0.9487007218369662,1.0607007218369662,7.7148507812515,-0.0,-0.9998369678399123,-0.018056515186773738,100358,0.006,0.05
100377,brace,L40x4,1,-1.090433295913664,-0.9784332959136641,6.068479573771964,-0.9998369678399123,0.0,0.018056515186773738,100355,0.006,0.05
100377,brace,L40x4,2,-1.059978179818417,0.9479781798184168,7.754859842440251,-0.9998369678399123,0.0,0.018056515186773738,100358,0.006,0.05
100378,brace,L40x4,1,-1.08902026370074,0.9770202637007401,6.1467229019344725,0.9998369678399123,0.0,-0.018056515186773738,100358,0.006,0.05
100378,brace,L40x4,2,-1.0613083981611204,-0.9493083981611204,7.681202137142387,0.9998369678399123,0.0,-0.018056515186773738,100355,0.006,0.05
100384,brace,L40x4,1,-1.0072101937869422,-1.1292101937869423,3.9207344830998716,0.0,0.9998370565287313,-0.0180516035842369,100379,0.006,0.05
100384,brace,L40x4,2,0.972459801693811,-1.094459801693811,5.845479261672095,0.0,0.9998370565287313,-0.0180516035842369,100380,0.006,0.05
100385,brace,L40x4,1,1.0072101937869422,-1.1292101937869423,3.9207344830998716,0.0,-0.9998370565287313,0.0180516035842369,100380,0.006,0.05
100385,brace,L40x4,2,-0.972459801693811,-1.094459801693811,5.845479261672095,0.0,-0.9998370565287313,0.0180516035842369,100379,0.006,0.05
100387,brace,L40x4,1,1.1292101937869423,-1.0072101937869422,3.9207344830998716,-0.9998370565287313,0.0,-0.0180516035842369,100380,0.006,0.05
100387,brace,L40x4,2,1.094459801693811,0.972459801693811,5.845479261672095,-0.9998370565287313,0.0,-0.0180516035842369,100381,0.006,0.05
100388,brace,L40x4,1,1.1292101937869423,1.0072101937869422,3.9207344830998716,0.9998370565287313,0.0,0.0180516035842369,100381,0.006,0.05
100388,brace,L40x4,2,1.094459801693811,-0.972459801693811,5.845479261672095,0.9998370565287313,0.0,0.0180516035842369,100380,0.006,0.05
100390,brace,L40x4,1,1.0072101937869422,1.1292101937869423,3.9207344830998716,-0.0,-0.9998370565287313,-0.0180516035842369,100381,0.006,0.05
100390,brace,L40x4,2,-0.972459801693811,1.094459801693811,5.845479261672095,-0.0,-0.9998370565287313,-0.0180516035842369,100382,0.006,0.05
100391,brace,L40x4,1,-1.0072101937869422,1.1292101937869423,3.9207344830998716,-0.0,0.9998370565287313,0.0180516035842369,100382,0.006,0.05
100391,brace,L40x4,2,0.972459801693811,1.094459801693811,5.845479261672095,-0.0,0.9998370565287313,0.0180516035842369,100381,0.006,0.05
100393,brace,L40x4,1,-1.1292101937869423,1.0072101937869422,3.9207344830998716,0.9998370565287313,0.0,-0.0180516035842369,100382,0.006,0.05
100393,brace,L40x4,2,-1.094459801693811,-0.972459801693811,5.845479261672095,0.9998370565287313,0.0,-0.0180516035842369,100379,0.006,0.05
100394,brace,L40x4,1,-1.1292101937869423,-1.0072101937869422,3.9207344830998716,-0.9998370565287313,0.0,0.0180516035842369,100379,0.006,0.05
100394,brace,L40x4,2,-1.094459801693811,0.972459801693811,5.845479261672095,-0.9998370565287313,0.0,0.0180516035842369,100382,0.006,0.05
100395,brace,L40x4,1,1.0069743952820385,-1.1289743952820386,3.93379482325063,0.0,-0.9998370565287313,0.0180516035842369,100380,0.006,0.05
100395,brace,L40x4,2,-0.9726772947605771,-1.0946772947605772,5.8334328178935095,0.0,-0.9998370565287313,0.0180516035842369,100379,0.006,0.05
100396,brace,L40x4,1,-1.0070028387412373,-1.1290028387412372,3.932219405067416,0.0,0.9998370565287313,-0.0180516035842369,100379,0.006,0.05
100396,brace,L40x4,2,0.9726507458144181,-1.0946507458144181,5.834903303330309,0.0,0.9998370565287313,-0.0180516035842369,100380,0.006,0.05
100397,brace,L40x4,1,1.128261640990303,1.006261640990303,3.9732726541121157,0.9998370565287313,0.0,0.0180516035842369,100381,0.006,0.05
100397,brace,L40x4,2,1.0953456674251898,-0.9733456674251898,5.796413183901869,0.9998370565287313,0.0,0.0180516035842369,100380,0.006,0.05
100398,brace,L40x4,1,1.1298973746869012,-1.007897374686901,3.8826731039480653,-0.9998370565287313,0.0,-0.0180516035842369,100380,0.006,0.05
100398,brace,L40x4,2,1.0938200748136855,0.9718200748136856,5.8809122711453075,-0.9998370565287313,0.0,-0.0180516035842369,100381,0.006,0.05
100399,brace,L40x4,1,-1.0070306674114682,1.129030667411468,3.930678038639725,-0.0,0.9998370565287313,0.0180516035842369,100382,0.006,0.05
100399,brace,L40x4,2,0.9726246044764078,1.0946246044764076,5.8363512122835575,-0.0,0.9998370565287313,0.0180516035842369,100381,0.006,0.05
100400,brace,L40x4,1,1.007002186553408,1.1290021865534081,3.9322555282603773,-0.0,-0.9998370565287313,-0.0180516035842369,100381,0.006,0.05
100400,brace,L40x4,2,-0.972651186279603,1.0946511862796031,5.834878906970623,-0.0,-0.9998370565287313,-0.0180516035842369,100382,0.006,0.05
100401,brace,L40x4,1,-1.1298968661021995,-1.0078968661021994,3.882701273292069,-0.9998370565287313,0.0,0.0180516035842369,100379,0.006,0.05
100401,brace,L40x4,2,-1.0938205512064907,0.9718205512064907,5.880885884836869,-0.9998370565287313,0.0,0.0180516035842369,100382,0.006,0.05
100402,brace,L40x4,1,-1.1282611700691172,1.006261170069117,3.9732987373600737,0.9998370565287313,0.0,-0.0180516035842369,100382,0.006,0.05
100402,brace,L40x4,2,-1.0953461107674995,-0.9733461107674996,5.7963886281848165,0.9998370565287313,0.0,-0.0180516035842369,100379,0.006,0.05
100408,brace,L45x4,1,-1.0418682959235201,-1.1638682959235203,2.000910721437651,0.0,0.9998370910641681,-0.018049690643947878,100403,0.006,0.05
100408,brace,L45x4,2,1.0116561940752762,-1.1336561940752763,3.674467383585269,0.0,0.9998370910641681,-0.018049690643947878,100404,0.006,0.05
100409,brace,L45x4,1,1.0418682959235201,-1.1638682959235203,2.000910721437651,0.0,-0.9998370910641681,0.018049690643947878,100404,0.006,0.05
100409,brace,L45x4,2,-1.0116561940752762,-1.1336561940752763,3.674467383585269,0.0,-0.9998370910641681,0.018049690643947878,100403,0.006,0.05
100411,brace,L45x4,1,1.1638682959235203,-1.0418682959235201,2.000910721437651,-0.9998370910641681,0.0,-0.018049690643947878,100404,0.006,0.05
100411,brace,L45x4,2,1.1336561940752763,1.0116561940752762,3.674467383585269,-0.9998370910641681,0.0,-0.018049690643947878,100405,0.006,0.05
100412,brace,L45x4,1,1.1638682959235203,1.0418682959235201,2.000910721437651,0.9998370910641681,0.0,0.018049690643947878,100405,0.006,0.05
100412,brace,L45x4,2,1.1336561940752763,-1.0116561940752762,3.674467383585269,0.9998370910641681,0.0,0.018049690643947878,100404,0.006,0.05
100414,brace,L45x4,1,1.0418682959235201,1.1638682959235203,2.000910721437651,-0.0,-0.9998370910641681,-0.018049690643947878,100405,0.006,0.05
100414,brace,L45x4,2,-1.0116561940752762,1.1336561940752763,3.674467383585269,-0.0,-0.9998370910641681,-0.018049690643947878,100406,0.006,0.05
100415,brace,L45x4,1,-1.0418682959235201,1.1638682959235203,2.000910721437651,-0.0,0.9998370910641681,0.018049690643947878,100406,0.006,0.05
100415,brace,L45x4,2,1.0116561940752762,1.1336561940752763,3.674467383585269,-0.0,0.9998370910641681,0.018049690643947878,100405,0.006,0.05
100417,brace,L45x4,1,-1.1638682959235203,1.0418682959235201,2.000910721437651,0.9998370910641681,0.0,-0.018049690643947878,100406,0.006,0.05
100417,brace,L45x4,2,-1.1336561940752763,-1.0116561940752762,3.674467383585269,0.9998370910641681,0.0,-0.018049690643947878,100403,0.006,0.05
100418,brace,L45x4,1,-1.1638682959235203,-1.0418682959235201,2.000910721437651,-0.9998370910641681,0.0,0.018049690643947878,100403,0.006,0.05
100418,brace,L45x4,2,-1.1336561940752763,1.0116561940752762,3.674467383585269,-0.9998370910641681,0.0,0.018049690643947878,100406,0.006,0.05
100424,brace,L45x4,1,1.0415996122869327,-1.1635996122869328,2.0157940715693194,0.0,-0.9998370910641681,0.018049690643947878,100404,0.006,0.05
100424,brace,L45x4,2,-1.011907643011117,-1.133907643011117,3.6605387253317088,0.0,-0.9998370910641681,0.018049690643947878,100403,0.006,0.05
100425,brace,L45x4,1,-1.0416193643051153,-1.1636193643051154,2.0146999364513336,0.0,0.9998370910641681,-0.018049690643947878,100403,0.006,0.05
100425,brace,L45x4,2,1.0118889945025542,-1.1338889945025543,3.661571733094649,0.0,0.9998370910641681,-0.018049690643947878,100404,0.006,0.05
100426,brace,L45x4,1,1.1630077486231583,1.0410077486231581,2.048579522332335,0.9998370910641681,0.0,0.018049690643947878,100405,0.006,0.05
100426,brace,L45x4,2,1.134468878123876,-1.012468878123876,3.6294498998435976,0.9998370910641681,0.0,0.018049690643947878,100404,0.006,0.05
100427,brace,L45x4,1,1.1643623536445915,-1.0423623536445914,1.9735430925736406,-0.9998370910641681,0.0,-0.018049690643947878,100404,0.006,0.05
100427,brace,L45x4,2,1.1331908072210235,1.0111908072210234,3.7002468303223095,-0.9998370910641681,0.0,-0.018049690643947878,100405,0.006,0.05
100428,brace,L45x4,1,-1.0416478608221305,1.1636478608221306,2.0131214121851757,-0.0,0.9998370910641681,0.018049690643947878,100406,0.006,0.05
100428,brace,L45x4,2,1.011861977874793,1.1338619778747931,3.6630682809881274,-0.0,0.9998370910641681,0.018049690643947878,100405,0.006,0.05
100429,brace,L45x4,1,1.04162807561058,1.1636280756105801,2.01421738600284,-0.0,-0.9998370910641681,-0.018049690643947878,100405,0.006,0.05
100429,brace,L45x4,2,-1.0118806561462044,1.1338806561462045,3.6620336245542635,-0.0,-0.9998370910641681,-0.018049690643947878,100406,0.006,0.05
100430,brace,L45x4,1,-1.164361916510766,-1.0423619165107658,1.9735673069838042,-0.9998370910641681,0.0,0.018049690643947878,100403,0.006,0.05
100430,brace,L45x4,2,-1.1331912206403825,1.0111912206403824,3.7002239295414925,-0.9998370910641681,0.0,0.018049690643947878,100406,0.006,0.05
100431,brace,L45x4,1,-1.1630073449206844,1.0410073449206843,2.0486018848600476,0.9998370910641681,0.0,-0.018049690643947878,100406,0.006,0.05
100431,brace,L45x4,2,-1.1344692615940306,-1.0124692615940305,3.6294286580566024,0.9998370910641681,0.0,-0.018049690643947878,100403,0.006,0.05
100437,brace,L45x4,1,-1.0762306136491007,-1.1982306136491008,0.09798408821650573,0.0,0.999836996082916,-0.01805495122926574,100432,0.006,0.05
100437,brace,L45x4,2,1.0458930897554044,-1.1678930897554045,1.777998527097964,0.0,0.999836996082916,-0.01805495122926574,100433,0.006,0.05
100438,brace,L45x4,1,1.0762306136491007,-1.1982306136491008,0.09798408821650573,0.0,-0.999836996082916,0.01805495122926574,100433,0.006,0.05
100438,brace,L45x4,2,-1.0458930897554044,-1.1678930897554045,1.777998527097964,0.0,-0.999836996082916,0.01805495122926574,100432,0.006,0.05
100440,brace,L45x4,1,1.1982306136491008,-1.0762306136491007,0.09798408821650573,-0.999836996082916,0.0,-0.01805495122926574,100433,0.006,0.05
100440,brace,L45x4,2,1.1678930897554045,1.0458930897554044,1.777998527097964,-0.999836996082916,0.0,-0.01805495122926574,100434,0.006,0.05
100441,brace,L45x4,1,1.1982306136491008,1.0762306136491007,0.09798408821650573,0.999836996082916,0.0,0.01805495122926574,100434,0.006,0.05
100441,brace,L45x4,2,1.1678930897554045,-1.0458930897554044,1.777998527097964,0.999836996082916,0.0,0.01805495122926574,100433,0.006,0.05
100443,brace,L45x4,1,1.0762306136491007,1.1982306136491008,0.09798408821650573,-0.0,-0.999836996082916,-0.01805495122926574,100434,0.006,0.05
100443,brace,L45x4,2,-1.0458930897554044,1.1678930897554045,1.777998527097964,-0.0,-0.999836996082916,-0.01805495122926574,100435,0.006,0.05
100444,brace,L45x4,1,-1.0762306136491007,1.1982306136491008,0.09798408821650573,-0.0,0.999836996082916,0.01805495122926574,100435,0.006,0.05
100444,brace,L45x4,2,1.0458930897554044,1.1678930897554045,1.777998527097964,-0.0,0.999836996082916,0.01805495122926574,100434,0.006,0.05
100446,brace,L45x4,1,-1.1982306136491008,1.0762306136491007,0.09798408821650573,0.999836996082916,0.0,-0.01805495122926574,100435,0.006,0.05
100446,brace,L45x4,2,-1.1678930897554045,-1.0458930897554044,1.777998527097964,0.999836996082916,0.0,-0.01805495122926574,100432,0.006,0.05
100447,brace,L45x4,1,-1.1982306136491008,-1.0762306136491007,0.09798408821650573,-0.999836996082916,0.0,0.01805495122926574,100432,0.006,0.05
100447,brace,L45x4,2,-1.1678930897554045,1.0458930897554044,1.777998527097964,-0.999836996082916,0.0,0.01805495122926574,100435,0.006,0.05
100448,brace,L45x4,1,1.0759699936960183,-1.1979699936960184,0.11241655428635766,0.0,-0.999836996082916,0.01805495122926574,100433,0.006,0.05
100448,brace,L45x4,2,-1.0461374327611062,-1.1681374327611063,1.7644674367210165,0.0,-0.999836996082916,0.01805495122926574,100432,0.006,0.05
100449,brace,L45x4,1,-1.0759886871252966,-1.1979886871252967,0.11138136000979726,0.0,0.999836996082916,-0.01805495122926574,100432,0.006,0.05
100449,brace,L45x4,2,1.0461197557272837,-1.1681197557272838,1.7654463456182095,0.0,0.999836996082916,-0.01805495122926574,100433,0.006,0.05
100450,brace,L45x4,1,1.1973920720255045,1.0753920720255044,0.14442037748590775,0.999836996082916,0.0,0.01805495122926574,100434,0.006,0.05
100450,brace,L45x4,2,1.168686239850257,-1.046686239850257,1.734075904532542,0.999836996082916,0.0,0.01805495122926574,100433,0.006,0.05
100451,brace,L45x4,1,1.1987111969794892,-1.0767111969794891,0.07137061320228588,-0.999836996082916,0.0,-0.01805495122926574,100433,0.006,0.05
100451,brace,L45x4,2,1.1674396158349185,1.0454396158349184,1.8031107523653305,-0.999836996082916,0.0,-0.01805495122926574,100434,0.006,0.05
100452,brace,L45x4,1,-1.0760173901957053,1.1980173901957054,0.10979185742231912,-0.0,0.999836996082916,0.01805495122926574,100435,0.006,0.05
100452,brace,L45x4,2,1.0460924972073968,1.168092497207397,1.7669558526944191,-0.0,0.999836996082916,0.01805495122926574,100434,0.006,0.05
100453,brace,L45x4,1,1.0759986649176025,1.1979986649176027,0.11082881540527767,-0.0,-0.999836996082916,-0.01805495122926574,100434,0.006,0.05
100453,brace,L45x4,2,-1.0461102029052354,1.1681102029052355,1.7659753564573744,-0.0,-0.999836996082916,-0.01805495122926574,100435,0.006,0.05
100454,brace,L45x4,1,-1.1987107696369677,-1.0767107696369675,0.07139427833755385,-0.999836996082916,0.0,0.01805495122926574,100432,0.006,0.05
100454,brace,L45x4,2,-1.1674400207355147,1.0454400207355146,1.8030883300064713,-0.999836996082916,0.0,0.01805495122926574,100435,0.006,0.05
100455,brace,L45x4,1,-1.1973916767493455,1.0753916767493454,0.14444226686807127,0.999836996082916,0.0,-0.01805495122926574,100435,0.006,0.05
100455,brace,L45x4,2,-1.168686615914817,-1.046686615914817,1.7340550790395675,0.999836996082916,0.0,-0.01805495122926574,100432,0.006,0.05
